<?xml version="1.0" encoding="UTF-8"?>
<con:soapui-project id="24f2883e-3e93-4d55-847c-9c38c131f84d" activeEnvironment="Default" name="CreditDecision_Callback" resourceRoot="" soapui-version="5.2.1" xmlns:con="http://eviware.com/soapui/config"><con:settings/><con:interface xsi:type="con:WsdlInterface" id="1d7842e4-6b75-413b-8056-c1550766f8ae" wsaVersion="NONE" name="SetCreditDecisionCallBackSoapBinding" type="wsdl" bindingName="{http://bpm.gdc.blc.com/}SetCreditDecisionCallBackSoapBinding" soapVersion="1_1" anonymous="optional" definition="file:/C:/Users/ZhaoJ3/Applications/soapui_project/CreditDecision.Callback/CreditDecisionCallBack.wsdl" xmlns:xsi="http://www.w3.org/2001/XMLSchema-instance"><con:settings/><con:definitionCache type="TEXT" rootPart="file:\C:\Users\ZhaoJ3\Applications\soapui_project\CreditDecision.Callback\CreditDecisionCallBack.wsdl"><con:part><con:url>file:\C:\Users\ZhaoJ3\Applications\soapui_project\CreditDecision.Callback\CreditDecisionCallBack.wsdl</con:url><con:content><![CDATA[<wsdl:definitions name="SetCreditDecisionCallBack" targetNamespace="http://bpm.gdc.blc.com/" xmlns:ns1="http://www.banquelaurentienne.ca/Common/" xmlns:wsdl="http://schemas.xmlsoap.org/wsdl/" xmlns:tns="http://bpm.gdc.blc.com/" xmlns:xsd="http://www.w3.org/2001/XMLSchema" xmlns:soap="http://schemas.xmlsoap.org/wsdl/soap/">
  <wsdl:types>
    <xsd:schema>
      <xsd:import namespace="http://bpm.gdc.blc.com/" schemaLocation="CreditDecisionCallBack.xsd"/>
      <xsd:import namespace="http://www.banquelaurentienne.ca/Common/" schemaLocation="EntCommon.xsd"/>
    </xsd:schema>
  </wsdl:types>
  <wsdl:message name="setCreditDecisionCallBackResponse">
    <wsdl:part name="parameters" element="tns:setCreditDecisionCallBackResponse"></wsdl:part>
  </wsdl:message>
  <wsdl:message name="setCreditDecisionCallBack">
    <wsdl:part name="parameters" element="tns:setCreditDecisionCallBack"></wsdl:part>
    <wsdl:part name="header" element="ns1:header"></wsdl:part>
  </wsdl:message>
  <wsdl:portType name="setCreditDecisionCallBack">
    <wsdl:operation name="setCreditDecisionCallBack">
      <wsdl:input name="setCreditDecisionCallBack" message="tns:setCreditDecisionCallBack"></wsdl:input>
      <wsdl:output name="setCreditDecisionCallBackResponse" message="tns:setCreditDecisionCallBackResponse"></wsdl:output>
    </wsdl:operation>
  </wsdl:portType>
  <wsdl:binding name="SetCreditDecisionCallBackSoapBinding" type="tns:setCreditDecisionCallBack">
    <soap:binding style="document" transport="http://schemas.xmlsoap.org/soap/http"/>
    <wsdl:operation name="setCreditDecisionCallBack">
      <soap:operation soapAction="" style="document"/>
      <wsdl:input name="setCreditDecisionCallBack">
        <soap:header message="tns:setCreditDecisionCallBack" part="header" use="literal"></soap:header>
        <soap:body parts="parameters" use="literal"/>
      </wsdl:input>
      <wsdl:output name="setCreditDecisionCallBackResponse">
        <soap:body use="literal"/>
      </wsdl:output>
    </wsdl:operation>
  </wsdl:binding>
  <wsdl:service name="SetCreditDecisionCallBack">
    <wsdl:port name="SetCreditDecisionCallBackPort" binding="tns:SetCreditDecisionCallBackSoapBinding">
      <soap:address location="http://localhost:8080/BPMStub/services/SetCreditDecisionCallBackPort"/>
    </wsdl:port>
  </wsdl:service>
</wsdl:definitions>]]></con:content><con:type>http://schemas.xmlsoap.org/wsdl/</con:type></con:part><con:part><con:url>file:\C:\Users\ZhaoJ3\Applications\soapui_project\CreditDecision.Callback\CreditDecisionCallBack.xsd</con:url><con:content><![CDATA[<xs:schema attributeFormDefault="unqualified" elementFormDefault="qualified" targetNamespace="http://bpm.gdc.blc.com/" xmlns:xs="http://www.w3.org/2001/XMLSchema" xmlns:tns="http://bpm.gdc.blc.com/">
  <xs:complexType name="updateBPM">
    <xs:sequence>
      <xs:element name="externalReqID" type="xs:long" minOccurs="1"/>
      <xs:element minOccurs="1" name="decisionCd" type="xs:string"/>
      <xs:element minOccurs="0" name="authorizedAmt" type="xs:decimal"/>
      <xs:element minOccurs="0" name="decisionComment" type="xs:string"/>
      <xs:element minOccurs="0" name="creditBureauCd" type="xs:string"/>
      <xs:element minOccurs="0" name="creditBureauNbr" type="xs:string"/>
      <xs:element name="decisionClientID" type="xs:long" minOccurs="0"/>
      <xs:element minOccurs="0" name="refusalReasonCd" type="xs:string"/>
      <xs:element minOccurs="0" name="conditionComment" type="xs:string"/>
      <xs:element minOccurs="0" name="approvalConditions" nillable="true" type="tns:approvalConditions"/>
      <xs:element minOccurs="0" name="note" type="tns:NoteType"/>
    </xs:sequence>
  </xs:complexType>
  <xs:complexType name="approvalConditions">
    <xs:sequence>
      <xs:element minOccurs="1" maxOccurs="unbounded" name="approvalCondition" type="tns:approvalCondition"/>
    </xs:sequence>
  </xs:complexType>
  <xs:complexType name="approvalCondition">
    <xs:sequence>
      <xs:element minOccurs="1" name="conditionCatg">
        <xs:simpleType>
          <xs:restriction base="xs:string">
            <xs:maxLength value="5"/>
            <xs:whiteSpace value="collapse"/>
          </xs:restriction>
        </xs:simpleType>
      </xs:element>
      <xs:element minOccurs="1" name="conditionCode">
        <xs:simpleType>
          <xs:restriction base="xs:string">
            <xs:maxLength value="5"/>
          </xs:restriction>
        </xs:simpleType>
      </xs:element>
    </xs:sequence>
  </xs:complexType>
  <xs:element name="setCreditDecisionCallBack" type="tns:CommCreditDecision"/>
  <xs:complexType name="CommCreditDecision">
    <xs:sequence>
      <xs:element minOccurs="0" name="commCreditDecision" type="tns:updateBPM"/>
    </xs:sequence>
  </xs:complexType>
  <xs:element name="setCreditDecisionCallBackResponse" type="tns:CommCreditDecisionResponse"/>
  <xs:complexType name="CommCreditDecisionResponse">
    <xs:sequence>
      <xs:element minOccurs="0" name="status" type="xs:string"/>
    </xs:sequence>
  </xs:complexType>
  <xs:complexType name="NoteType">
    <xs:sequence>
      <xs:element name="note" minOccurs="1" maxOccurs="1">
        <xs:simpleType>
          <xs:restriction base="xs:string">
            <xs:maxLength value="500"/>
          </xs:restriction>
        </xs:simpleType>
      </xs:element>
    </xs:sequence>
  </xs:complexType>
</xs:schema>]]></con:content><con:type>http://www.w3.org/2001/XMLSchema</con:type></con:part><con:part><con:url>file:\C:\Users\ZhaoJ3\Applications\soapui_project\CreditDecision.Callback\EntCommon.xsd</con:url><con:content><![CDATA[<!--edited with XMLSpy v2013 rel. 2 sp1 (http://www.altova.com) by BLC (BANQUE 
	LAURENTIENNE DU CANADA)-->
<schema targetNamespace="http://www.banquelaurentienne.ca/Common/" xmlns:tns="http://www.banquelaurentienne.ca/Common/" xmlns="http://www.w3.org/2001/XMLSchema">
  <element name="header" type="tns:ServiceHeader_Type"/>
  <complexType name="ServiceHeader_Type">
    <sequence>
      <element name="languageCd" minOccurs="1">
        <simpleType>
          <restriction base="string">
            <length value="2"/>
            <enumeration value="FR"/>
            <enumeration value="AN"/>
          </restriction>
        </simpleType>
      </element>
      <element name="channelCd" minOccurs="1">
        <simpleType>
          <restriction base="string">
            <maxLength value="6"/>
            <enumeration value="BPM"/>
            <enumeration value="ROMEO"/>
            <enumeration value="SRVI"/>
            <enumeration value="INET"/>
            <enumeration value="GDC"/>
            <enumeration value="CTI"/>
            <enumeration value="B2B"/>
            <enumeration value="UN1C"/>
          </restriction>
        </simpleType>
      </element>
      <element name="userName" type="string" minOccurs="0"/>
      <element name="organization" type="string" minOccurs="0"/>
      <element name="callbackAddress" type="anyURI" minOccurs="0"/>
      <element name="requestId" type="string" minOccurs="0"/>
      <element name="correlationID" type="string" minOccurs="0"/>
    </sequence>
  </complexType>
  <element name="exception" type="tns:ServiceError_Type"/>
  <complexType name="ServiceError_Type">
    <sequence>
      <element name="errorMessage">
        <simpleType>
          <restriction base="string">
            <maxLength value="200"/>
          </restriction>
        </simpleType>
      </element>
      <element name="errorId" type="string" minOccurs="0"/>
      <element name="time" type="string"/>
      <element name="errorType">
        <simpleType>
          <restriction base="string">
            <enumeration value="F">
              <annotation>
                <documentation>Erreur critique (Fatal)</documentation>
              </annotation>
            </enumeration>
            <enumeration value="E">
              <annotation>
                <documentation>Erreur (Error)</documentation>
              </annotation>
            </enumeration>
            <enumeration value="W">
              <annotation>
                <documentation>Avertissement (Warning)</documentation>
              </annotation>
            </enumeration>
            <enumeration value="I">
              <annotation>
                <documentation>Information</documentation>
              </annotation>
            </enumeration>
          </restriction>
        </simpleType>
      </element>
      <element name="systemId">
        <annotation>
          <documentation>Identifiant du systeme sur lequel est survenue
						l'erreur. Dans un premier temps, on a un seul ESB, donc la valeur
						sera toujours la meme</documentation>
        </annotation>
        <simpleType>
          <restriction base="string">
            <maxLength value="10"/>
          </restriction>
        </simpleType>
      </element>
    </sequence>
  </complexType>
</schema>]]></con:content><con:type>http://www.w3.org/2001/XMLSchema</con:type></con:part></con:definitionCache><con:endpoints><con:endpoint>http://localhost:8080/BPMStub/services/SetCreditDecisionCallBackPort</con:endpoint></con:endpoints><con:operation id="7085e3aa-379b-4c57-b7a4-a975b2ab515d" isOneWay="false" action="" name="setCreditDecisionCallBack" bindingOperationName="setCreditDecisionCallBack" type="Request-Response" outputName="setCreditDecisionCallBackResponse" inputName="setCreditDecisionCallBack" receivesAttachments="false" sendsAttachments="false" anonymous="optional"><con:settings/><con:call id="09b51d3b-77a3-4e75-b37b-ffc99572ca95" name="Request 1"><con:settings><con:setting id="com.eviware.soapui.impl.wsdl.WsdlRequest@request-headers">&lt;xml-fragment/></con:setting></con:settings><con:encoding>UTF-8</con:encoding><con:endpoint>https://10.155.3.50:3508/BPM/CreditDecisionCallBack</con:endpoint><con:request><![CDATA[<!-- 
	https://10.155.3.50:3508/BPM/CreditDecisionCallBack
-->

<soapenv:Envelope xmlns:soapenv="http://schemas.xmlsoap.org/soap/envelope/" xmlns:com="http://www.banquelaurentienne.ca/Common/" xmlns:bpm="http://bpm.gdc.blc.com/">\r
   <soapenv:Header>\r
      <com:header>\r
         <languageCd>?</languageCd>\r
         <channelCd>?</channelCd>\r
         <!--Optional:-->\r
         <userName>?</userName>\r
         <!--Optional:-->\r
         <organization>?</organization>\r
         <!--Optional:-->\r
         <callbackAddress>?</callbackAddress>\r
         <!--Optional:-->\r
         <requestId>?</requestId>\r
         <!--Optional:-->\r
         <correlationID>?</correlationID>\r
      </com:header>\r
   </soapenv:Header>\r
   <soapenv:Body>\r
      <bpm:setCreditDecisionCallBack>\r
         <!--Optional:-->\r
         <bpm:commCreditDecision>\r
            <bpm:externalReqID>?</bpm:externalReqID>\r
            <bpm:decisionCd>?</bpm:decisionCd>\r
            <!--Optional:-->\r
            <bpm:authorizedAmt>?</bpm:authorizedAmt>\r
            <!--Optional:-->\r
            <bpm:decisionComment>?</bpm:decisionComment>\r
            <!--Optional:-->\r
            <bpm:creditBureauCd>?</bpm:creditBureauCd>\r
            <!--Optional:-->\r
            <bpm:creditBureauNbr>?</bpm:creditBureauNbr>\r
            <!--Optional:-->\r
            <bpm:decisionClientID>?</bpm:decisionClientID>\r
            <!--Optional:-->\r
            <bpm:refusalReasonCd>?</bpm:refusalReasonCd>\r
            <!--Optional:-->\r
            <bpm:conditionComment>?</bpm:conditionComment>\r
            <!--Optional:-->\r
            <bpm:approvalConditions>\r
               <!--1 or more repetitions:-->\r
               <bpm:approvalCondition>\r
                  <bpm:conditionCatg>?</bpm:conditionCatg>\r
                  <bpm:conditionCode>?</bpm:conditionCode>\r
               </bpm:approvalCondition>\r
            </bpm:approvalConditions>\r
            <!--Optional:-->\r
            <bpm:note>\r
               <bpm:note>?</bpm:note>\r
            </bpm:note>\r
         </bpm:commCreditDecision>\r
      </bpm:setCreditDecisionCallBack>\r
   </soapenv:Body>\r
</soapenv:Envelope>]]></con:request><con:credentials><con:authType>No Authorization</con:authType></con:credentials><con:jmsConfig JMSDeliveryMode="PERSISTENT"/><con:jmsPropertyConfig/><con:wsaConfig mustUnderstand="NONE" version="200508" action="http://bpm.gdc.blc.com/setCreditDecisionCallBack/setCreditDecisionCallBack"/><con:wsrmConfig version="1.2"/></con:call></con:operation></con:interface><con:properties/><con:wssContainer/><con:oAuth2ProfileContainer/></con:soapui-project>