<datapower-configuration version="3"><export-details><description>Exported Configuration </description><user>zhaoj3</user><domain>BPM-PREPROD</domain><comment/><product-id>923532X</product-id><product>XS40</product><model>DataPower XS40</model><device-name>ad1981dtp01</device-name><serial-number>6806147</serial-number><firmware-version>XS40.3.8.0.16</firmware-version><firmware-build>203809</firmware-build><firmware-timestamp>2011/10/06 15:26:49</firmware-timestamp><current-date>2021-11-04</current-date><current-time>11:24:10 EDT</current-time><reset-date>2016-12-22</reset-date><reset-time>17:37:01 EST</reset-time><login-message/><custom-ui-file/></export-details><interface-data><interface name="eth0" ip-addr="10.155.16.25"/><interface name="eth1" ip-addr="172.20.2.25"/></interface-data><configuration domain="BPM-PREPROD"><LoadBalancerGroup name="SITEMINDER-LDAP" xmlns:env="http://www.w3.org/2003/05/soap-envelope" xmlns:dp="http://www.datapower.com/schemas/management">
<mAdminState>enabled</mAdminState>
<Algorithm>round-robin</Algorithm>
<Damp>120</Damp>
<NeverReturnSickMember>off</NeverReturnSickMember>
<LBGroupMembers>
<Server>10.155.15.187</Server>
<Weight>1</Weight>
<MappedPort>636</MappedPort>
<Activity/>
<HealthPort/>
<LBMemberState>enabled</LBMemberState></LBGroupMembers>
<LBGroupMembers>
<Server>10.155.15.188</Server>
<Weight>1</Weight>
<MappedPort>636</MappedPort>
<Activity/>
<HealthPort/>
<LBMemberState>enabled</LBMemberState></LBGroupMembers>
<TryEveryServerBeforeFailing>off</TryEveryServerBeforeFailing>
<LBGroupChecks>
<Active>off</Active>
<URI>/</URI>
<Port>80</Port>
<SSL>Standard</SSL>
<Post>on</Post>
<Input>store:///healthcheck.xml</Input>
<Timeout>10</Timeout>
<Frequency>180</Frequency>
<XPath>/</XPath>
<Filter>store:///healthcheck.xsl</Filter>
<SSLProxyProfile/></LBGroupChecks>
<MasqueradeMember>off</MasqueradeMember></LoadBalancerGroup><LoadBalancerGroup name="SOA-WESB-server" xmlns:env="http://www.w3.org/2003/05/soap-envelope" xmlns:dp="http://www.datapower.com/schemas/management">
<mAdminState>enabled</mAdminState>
<Algorithm>round-robin</Algorithm>
<Damp>120</Damp>
<NeverReturnSickMember>off</NeverReturnSickMember>
<LBGroupMembers>
<Server>10.152.173.37</Server>
<Weight>1</Weight>
<MappedPort>0</MappedPort>
<Activity/>
<HealthPort/>
<LBMemberState>enabled</LBMemberState></LBGroupMembers>
<LBGroupMembers>
<Server>10.152.216.30</Server>
<Weight>1</Weight>
<MappedPort>0</MappedPort>
<Activity/>
<HealthPort/>
<LBMemberState>disabled</LBMemberState></LBGroupMembers>
<TryEveryServerBeforeFailing>off</TryEveryServerBeforeFailing>
<LBGroupChecks>
<Active>off</Active>
<URI>/</URI>
<Port>80</Port>
<SSL>Standard</SSL>
<Post>on</Post>
<Input>store:///healthcheck.xml</Input>
<Timeout>10</Timeout>
<Frequency>180</Frequency>
<XPath>/</XPath>
<Filter>store:///healthcheck.xsl</Filter>
<SSLProxyProfile/></LBGroupChecks>
<MasqueradeMember>off</MasqueradeMember></LoadBalancerGroup><LoadBalancerGroup name="ACR-APPLICATION" xmlns:env="http://www.w3.org/2003/05/soap-envelope" xmlns:dp="http://www.datapower.com/schemas/management">
<mAdminState>enabled</mAdminState>
<Algorithm>round-robin</Algorithm>
<Damp>120</Damp>
<NeverReturnSickMember>off</NeverReturnSickMember>
<LBGroupMembers>
<Server>10.155.14.22</Server>
<Weight>1</Weight>
<MappedPort>0</MappedPort>
<Activity/>
<HealthPort/>
<LBMemberState>enabled</LBMemberState></LBGroupMembers>
<LBGroupMembers>
<Server>10.155.14.21</Server>
<Weight>1</Weight>
<MappedPort>0</MappedPort>
<Activity/>
<HealthPort/>
<LBMemberState>enabled</LBMemberState></LBGroupMembers>
<TryEveryServerBeforeFailing>off</TryEveryServerBeforeFailing>
<LBGroupChecks>
<Active>off</Active>
<URI>/</URI>
<Port>80</Port>
<SSL>Standard</SSL>
<Post>on</Post>
<Input>store:///healthcheck.xml</Input>
<Timeout>10</Timeout>
<Frequency>180</Frequency>
<XPath>/</XPath>
<Filter>store:///healthcheck.xsl</Filter>
<SSLProxyProfile/></LBGroupChecks>
<MasqueradeMember>off</MasqueradeMember></LoadBalancerGroup><HTTPUserAgent name="default" intrinsic="true" xmlns:env="http://www.w3.org/2003/05/soap-envelope" xmlns:dp="http://www.datapower.com/schemas/management">
<mAdminState>enabled</mAdminState>
<UserSummary>Default User Agent</UserSummary>
<MaxRedirects>8</MaxRedirects>
<Timeout>300</Timeout></HTTPUserAgent><XMLManager name="default" intrinsic="true" xmlns:env="http://www.w3.org/2003/05/soap-envelope" xmlns:dp="http://www.datapower.com/schemas/management">
<mAdminState>enabled</mAdminState>
<UserSummary>Default XML-Manager</UserSummary>
<CacheSize>256</CacheSize>
<SHA1Caching>on</SHA1Caching>
<StaticDocumentCalls>on</StaticDocumentCalls>
<SearchResults>on</SearchResults>
<VirtualServers class="LoadBalancerGroup">SITEMINDER-LDAP</VirtualServers>
<VirtualServers class="LoadBalancerGroup">SOA-WESB-server</VirtualServers>
<VirtualServers class="LoadBalancerGroup">ACR-APPLICATION</VirtualServers>
<Memoization>on</Memoization>
<ParserLimitsBytesScanned>4194304</ParserLimitsBytesScanned>
<ParserLimitsElementDepth>512</ParserLimitsElementDepth>
<ParserLimitsAttributeCount>128</ParserLimitsAttributeCount>
<ParserLimitsMaxNodeSize>33554432</ParserLimitsMaxNodeSize>
<ParserLimitsForbidExternalReferences>on</ParserLimitsForbidExternalReferences>
<ParserLimitsExternalReferences>forbid</ParserLimitsExternalReferences>
<ParserLimitsMaxPrefixes>0</ParserLimitsMaxPrefixes>
<ParserLimitsMaxNamespaces>0</ParserLimitsMaxNamespaces>
<ParserLimitsMaxLocalNames>0</ParserLimitsMaxLocalNames>
<DocCacheMaxDocs>5000</DocCacheMaxDocs>
<DocCacheSize>0</DocCacheSize>
<UserAgent class="HTTPUserAgent">default</UserAgent></XMLManager><CryptoKey name="BPM-DTP-PREPROD" xmlns:env="http://www.w3.org/2003/05/soap-envelope" xmlns:dp="http://www.datapower.com/schemas/management">
<mAdminState>enabled</mAdminState>
<Filename>cert:///BPM-DTP-PREPROD_2020kp-privkey.pem</Filename>
<PasswordAlias>off</PasswordAlias></CryptoKey><CryptoCertificate name="BPM-DTP-PREPROD" xmlns:env="http://www.w3.org/2003/05/soap-envelope" xmlns:dp="http://www.datapower.com/schemas/management">
<mAdminState>enabled</mAdminState>
<Filename>cert:///BPM-DTP-PREPROD_2020kp.cer</Filename>
<PasswordAlias>off</PasswordAlias>
<IgnoreExpiration>off</IgnoreExpiration></CryptoCertificate><CryptoIdentCred name="BPM-DTP-PREPROD" xmlns:env="http://www.w3.org/2003/05/soap-envelope" xmlns:dp="http://www.datapower.com/schemas/management">
<mAdminState>enabled</mAdminState>
<Key class="CryptoKey">BPM-DTP-PREPROD</Key>
<Certificate class="CryptoCertificate">BPM-DTP-PREPROD</Certificate></CryptoIdentCred><CryptoCertificate name="PREPROD-ACR03" xmlns:env="http://www.w3.org/2003/05/soap-envelope" xmlns:dp="http://www.datapower.com/schemas/management">
<mAdminState>enabled</mAdminState>
<Filename>cert:///ud1981acr03.blc.banquelaurentienne.ca_2019.cert</Filename>
<PasswordAlias>off</PasswordAlias>
<IgnoreExpiration>off</IgnoreExpiration></CryptoCertificate><CryptoCertificate name="PREPROD-ACR01" xmlns:env="http://www.w3.org/2003/05/soap-envelope" xmlns:dp="http://www.datapower.com/schemas/management">
<mAdminState>enabled</mAdminState>
<Filename>cert:///ud1981acr01.blc.banquelaurentienne.ca_2019.cert</Filename>
<PasswordAlias>off</PasswordAlias>
<IgnoreExpiration>off</IgnoreExpiration></CryptoCertificate><CryptoValCred name="VALIDATE-CERT" xmlns:env="http://www.w3.org/2003/05/soap-envelope" xmlns:dp="http://www.datapower.com/schemas/management">
<mAdminState>enabled</mAdminState>
<Certificate class="CryptoCertificate">PREPROD-ACR03</Certificate>
<Certificate class="CryptoCertificate">PREPROD-ACR01</Certificate>
<CertValidationMode>legacy</CertValidationMode>
<UseCRL>on</UseCRL>
<RequireCRL>off</RequireCRL>
<CRLDPHandling>ignore</CRLDPHandling>
<InitialPolicySet>2.5.29.32.0</InitialPolicySet>
<ExplicitPolicy>off</ExplicitPolicy></CryptoValCred><CryptoProfile name="BPM-TO-ACR-CP" xmlns:env="http://www.w3.org/2003/05/soap-envelope" xmlns:dp="http://www.datapower.com/schemas/management">
<mAdminState>enabled</mAdminState>
<IdentCredential class="CryptoIdentCred">BPM-DTP-PREPROD</IdentCredential>
<ValCredential class="CryptoValCred">VALIDATE-CERT</ValCredential>
<Ciphers>HIGH:MEDIUM:!aNULL:!eNULL:@STRENGTH</Ciphers>
<SSLOptions>
<OpenSSL-default>on</OpenSSL-default>
<Disable-SSLv2>on</Disable-SSLv2>
<Disable-SSLv3>off</Disable-SSLv3>
<Disable-TLSv1>off</Disable-TLSv1>
<Enable-Legacy-Renegotiation>off</Enable-Legacy-Renegotiation></SSLOptions>
<ClientCAList>off</ClientCAList></CryptoProfile><SSLProxyProfile name="BPM-TO-ACR-PP" xmlns:env="http://www.w3.org/2003/05/soap-envelope" xmlns:dp="http://www.datapower.com/schemas/management">
<mAdminState>enabled</mAdminState>
<Direction>forward</Direction>
<ForwardCryptoProfile class="CryptoProfile">BPM-TO-ACR-CP</ForwardCryptoProfile>
<ServerCaching>on</ServerCaching>
<SessionTimeout>300</SessionTimeout>
<CacheSize>20</CacheSize>
<ClientCache>on</ClientCache>
<ClientAuthOptional>off</ClientAuthOptional>
<ClientAuthAlwaysRequest>off</ClientAuthAlwaysRequest></SSLProxyProfile><HTTPSourceProtocolHandler name="BPM-PREPROD-FSH-HTTP" xmlns:env="http://www.w3.org/2003/05/soap-envelope" xmlns:dp="http://www.datapower.com/schemas/management">
<mAdminState>enabled</mAdminState>
<LocalAddress>BPM-PREPROD</LocalAddress>
<LocalPort>3800</LocalPort>
<HTTPVersion>HTTP/1.1</HTTPVersion>
<AllowedFeatures>
<HTTP-1.0>on</HTTP-1.0>
<HTTP-1.1>on</HTTP-1.1>
<POST>on</POST>
<GET>off</GET>
<PUT>on</PUT>
<HEAD>off</HEAD>
<OPTIONS>off</OPTIONS>
<TRACE>off</TRACE>
<DELETE>off</DELETE>
<CONNECT>off</CONNECT>
<QueryString>on</QueryString>
<FragmentIdentifiers>on</FragmentIdentifiers>
<DotDot>off</DotDot>
<CmdExe>off</CmdExe></AllowedFeatures>
<PersistentConnections>on</PersistentConnections>
<AllowCompression>off</AllowCompression>
<MaxURLLen>16384</MaxURLLen>
<MaxTotalHdrLen>128000</MaxTotalHdrLen>
<MaxHdrCount>0</MaxHdrCount>
<MaxNameHdrLen>0</MaxNameHdrLen>
<MaxValueHdrLen>0</MaxValueHdrLen>
<MaxQueryStringLen>0</MaxQueryStringLen></HTTPSourceProtocolHandler><CryptoCertificate name="IBM-CLOUD-PREPROD-root-ca" xmlns:env="http://www.w3.org/2003/05/soap-envelope" xmlns:dp="http://www.datapower.com/schemas/management">
<mAdminState>enabled</mAdminState>
<Filename>cert:///ibm-cloud-root-ca-preprod_2020.pem</Filename>
<PasswordAlias>off</PasswordAlias>
<IgnoreExpiration>off</IgnoreExpiration></CryptoCertificate><CryptoCertificate name="IBM-CLOUD-PROD-root-ca" xmlns:env="http://www.w3.org/2003/05/soap-envelope" xmlns:dp="http://www.datapower.com/schemas/management">
<mAdminState>enabled</mAdminState>
<Filename>cert:///on-prem-root-ca-prod_2020.pem</Filename>
<PasswordAlias>off</PasswordAlias>
<IgnoreExpiration>off</IgnoreExpiration></CryptoCertificate><CryptoCertificate name="IBM-CLOUD-DEV-root-ca" xmlns:env="http://www.w3.org/2003/05/soap-envelope" xmlns:dp="http://www.datapower.com/schemas/management">
<mAdminState>enabled</mAdminState>
<Filename>cert:///ibm-cloud-root-ca-dev.pem</Filename>
<PasswordAlias>off</PasswordAlias>
<IgnoreExpiration>off</IgnoreExpiration></CryptoCertificate><CryptoValCred name="BPM-CLOUD-PREPROD" xmlns:env="http://www.w3.org/2003/05/soap-envelope" xmlns:dp="http://www.datapower.com/schemas/management">
<mAdminState>enabled</mAdminState>
<Certificate class="CryptoCertificate">IBM-CLOUD-PREPROD-root-ca</Certificate>
<Certificate class="CryptoCertificate">IBM-CLOUD-PROD-root-ca</Certificate>
<Certificate class="CryptoCertificate">IBM-CLOUD-DEV-root-ca</Certificate>
<CertValidationMode>legacy</CertValidationMode>
<UseCRL>on</UseCRL>
<RequireCRL>off</RequireCRL>
<CRLDPHandling>ignore</CRLDPHandling>
<InitialPolicySet>2.5.29.32.0</InitialPolicySet>
<ExplicitPolicy>off</ExplicitPolicy></CryptoValCred><CryptoProfile name="BPM-PREPROD-2Way-HTTPS" xmlns:env="http://www.w3.org/2003/05/soap-envelope" xmlns:dp="http://www.datapower.com/schemas/management">
<mAdminState>enabled</mAdminState>
<IdentCredential class="CryptoIdentCred">BPM-DTP-PREPROD</IdentCredential>
<ValCredential class="CryptoValCred">BPM-CLOUD-PREPROD</ValCredential>
<Ciphers>HIGH:MEDIUM:!aNULL:!eNULL:@STRENGTH</Ciphers>
<SSLOptions>
<OpenSSL-default>on</OpenSSL-default>
<Disable-SSLv2>on</Disable-SSLv2>
<Disable-SSLv3>off</Disable-SSLv3>
<Disable-TLSv1>off</Disable-TLSv1>
<Enable-Legacy-Renegotiation>off</Enable-Legacy-Renegotiation></SSLOptions>
<ClientCAList>off</ClientCAList></CryptoProfile><SSLProxyProfile name="2Way-BPM-PREPROD-HTTPS" xmlns:env="http://www.w3.org/2003/05/soap-envelope" xmlns:dp="http://www.datapower.com/schemas/management">
<mAdminState>enabled</mAdminState>
<Direction>reverse</Direction>
<ReverseCryptoProfile class="CryptoProfile">BPM-PREPROD-2Way-HTTPS</ReverseCryptoProfile>
<ServerCaching>on</ServerCaching>
<SessionTimeout>300</SessionTimeout>
<CacheSize>20</CacheSize>
<ClientCache>on</ClientCache>
<ClientAuthOptional>on</ClientAuthOptional>
<ClientAuthAlwaysRequest>off</ClientAuthAlwaysRequest></SSLProxyProfile><HTTPSSourceProtocolHandler name="BPM-PREPROD-FSH-HTTPS" xmlns:env="http://www.w3.org/2003/05/soap-envelope" xmlns:dp="http://www.datapower.com/schemas/management">
<mAdminState>enabled</mAdminState>
<LocalAddress>BPM-PREPROD</LocalAddress>
<LocalPort>3900</LocalPort>
<HTTPVersion>HTTP/1.1</HTTPVersion>
<AllowedFeatures>
<HTTP-1.0>on</HTTP-1.0>
<HTTP-1.1>on</HTTP-1.1>
<POST>on</POST>
<GET>on</GET>
<PUT>on</PUT>
<HEAD>off</HEAD>
<OPTIONS>off</OPTIONS>
<TRACE>off</TRACE>
<DELETE>off</DELETE>
<CONNECT>off</CONNECT>
<QueryString>on</QueryString>
<FragmentIdentifiers>on</FragmentIdentifiers>
<DotDot>off</DotDot>
<CmdExe>off</CmdExe></AllowedFeatures>
<PersistentConnections>on</PersistentConnections>
<AllowCompression>off</AllowCompression>
<MaxURLLen>16384</MaxURLLen>
<MaxTotalHdrLen>128000</MaxTotalHdrLen>
<MaxHdrCount>0</MaxHdrCount>
<MaxNameHdrLen>0</MaxNameHdrLen>
<MaxValueHdrLen>0</MaxValueHdrLen>
<MaxQueryStringLen>0</MaxQueryStringLen>
<SSLProxy class="SSLProxyProfile">2Way-BPM-PREPROD-HTTPS</SSLProxy></HTTPSSourceProtocolHandler><WSEndpointRewritePolicy name="BPM-ACR-WSP" xmlns:env="http://www.w3.org/2003/05/soap-envelope" xmlns:dp="http://www.datapower.com/schemas/management">
<mAdminState>enabled</mAdminState>
<WSEndpointLocalRewriteRule>
<ServicePortMatchRegexp>^{http://www.banquelaurentienne.ca/CustomerCreditRating/GDC/}CustomerCreditRatingPort$</ServicePortMatchRegexp>
<LocalEndpointProtocol>default</LocalEndpointProtocol>
<LocalEndpointHostname>0.0.0.0</LocalEndpointHostname>
<LocalEndpointPort>0</LocalEndpointPort>
<LocalEndpointURI>/CustomerCreditRating_GDC/services/CustomerCreditRatingPort</LocalEndpointURI>
<FrontProtocol class="HTTPSourceProtocolHandler">BPM-PREPROD-FSH-HTTP</FrontProtocol>
<UseFrontProtocol>on</UseFrontProtocol>
<WSDLBindingProtocol>soap-11</WSDLBindingProtocol>
<FrontsidePortSuffix/></WSEndpointLocalRewriteRule>
<WSEndpointLocalRewriteRule>
<ServicePortMatchRegexp>^{http://www.banquelaurentienne.ca/CustomerCreditRating/GDC/}CustomerCreditRatingPort$</ServicePortMatchRegexp>
<LocalEndpointProtocol>default</LocalEndpointProtocol>
<LocalEndpointHostname>0.0.0.0</LocalEndpointHostname>
<LocalEndpointPort>0</LocalEndpointPort>
<LocalEndpointURI>/CustomerCreditRating_GDC/services/CustomerCreditRatingPort</LocalEndpointURI>
<FrontProtocol class="HTTPSSourceProtocolHandler">BPM-PREPROD-FSH-HTTPS</FrontProtocol>
<UseFrontProtocol>on</UseFrontProtocol>
<WSDLBindingProtocol>soap-11</WSDLBindingProtocol>
<FrontsidePortSuffix>0</FrontsidePortSuffix></WSEndpointLocalRewriteRule>
<WSEndpointRemoteRewriteRule>
<ServicePortMatchRegexp>^{http://www.banquelaurentienne.ca/CustomerCreditRating/GDC/}CustomerCreditRatingPort$</ServicePortMatchRegexp>
<RemoteEndpointProtocol>https</RemoteEndpointProtocol>
<RemoteEndpointHostname>ACR-APPLICATION</RemoteEndpointHostname>
<RemoteEndpointPort>7444</RemoteEndpointPort>
<RemoteEndpointURI>/CustomerCreditRating_GDC/services/CustomerCreditRatingPort</RemoteEndpointURI>
<RemoteMQQM/>
<RemoteTibcoEMS/>
<RemoteWebSphereJMS/></WSEndpointRemoteRewriteRule></WSEndpointRewritePolicy><Matching name="BPM-ACR-WSP_match_all" xmlns:env="http://www.w3.org/2003/05/soap-envelope" xmlns:dp="http://www.datapower.com/schemas/management">
<mAdminState>enabled</mAdminState>
<MatchRules>
<Type>url</Type>
<HttpTag/>
<HttpValue/>
<Url>*</Url>
<ErrorCode/>
<XPATHExpression/>
<Method>default</Method></MatchRules>
<MatchWithPCRE>off</MatchWithPCRE>
<CombineWithOr>off</CombineWithOr></Matching><URLRewritePolicy name="SOAPActionDelete" xmlns:env="http://www.w3.org/2003/05/soap-envelope" xmlns:dp="http://www.datapower.com/schemas/management">
<mAdminState>enabled</mAdminState>
<Direction>request</Direction>
<URLRewriteRule>
<Type>header-rewrite</Type>
<MatchRegexp>.*</MatchRegexp>
<InputReplaceRegexp>""</InputReplaceRegexp>
<StyleReplaceRegexp/>
<InputUnescape>off</InputUnescape>
<StylesheetUnescape>on</StylesheetUnescape>
<Header>SOAPAction</Header>
<NormalizeURL>off</NormalizeURL></URLRewriteRule></URLRewritePolicy><StylePolicyAction name="BPM-ACR-WSP_default_request-rule_rewrite_0" xmlns:env="http://www.w3.org/2003/05/soap-envelope" xmlns:dp="http://www.datapower.com/schemas/management">
<mAdminState>enabled</mAdminState>
<Type>rewrite</Type>
<NamedInOutLocationType>default</NamedInOutLocationType>
<Policy class="URLRewritePolicy">SOAPActionDelete</Policy>
<Transactional>off</Transactional>
<SOAPValidation>body</SOAPValidation>
<SQLSourceType>static</SQLSourceType>
<Asynchronous>off</Asynchronous>
<ResultsMode>first-available</ResultsMode>
<RetryCount>0</RetryCount>
<RetryInterval>1000</RetryInterval>
<MultipleOutputs>off</MultipleOutputs>
<IteratorType>XPATH</IteratorType>
<Timeout>0</Timeout>
<MethodRewriteType>GET</MethodRewriteType>
<MethodType>POST</MethodType>
<MethodType2>POST</MethodType2></StylePolicyAction><SLMPolicy name="BPM-ACR-WSP" xmlns:env="http://www.w3.org/2003/05/soap-envelope" xmlns:dp="http://www.datapower.com/schemas/management">
<mAdminState>enabled</mAdminState></SLMPolicy><StylePolicyAction name="BPM-ACR-WSP_default_request-rule_defaultaction_slm" xmlns:env="http://www.w3.org/2003/05/soap-envelope" xmlns:dp="http://www.datapower.com/schemas/management">
<mAdminState>enabled</mAdminState>
<Type>slm</Type>
<Input>INPUT</Input>
<Output>NULL</Output>
<NamedInOutLocationType>default</NamedInOutLocationType>
<Transactional>off</Transactional>
<SLMPolicy>BPM-ACR-WSP</SLMPolicy>
<SOAPValidation>body</SOAPValidation>
<SQLSourceType>static</SQLSourceType>
<Asynchronous>off</Asynchronous>
<ResultsMode>first-available</ResultsMode>
<RetryCount>0</RetryCount>
<RetryInterval>1000</RetryInterval>
<MultipleOutputs>off</MultipleOutputs>
<IteratorType>XPATH</IteratorType>
<Timeout>0</Timeout>
<MethodRewriteType>GET</MethodRewriteType>
<MethodType>POST</MethodType>
<MethodType2>POST</MethodType2></StylePolicyAction><StylePolicyAction name="BPM-ACR-WSP_default_request-rule_filter_0" xmlns:env="http://www.w3.org/2003/05/soap-envelope" xmlns:dp="http://www.datapower.com/schemas/management">
<mAdminState>enabled</mAdminState>
<Type>filter</Type>
<Input>INPUT</Input>
<Transform>local:///SQL-Injection-Filter.xsl</Transform>
<Output>dpvar_1</Output>
<NamedInOutLocationType>default</NamedInOutLocationType>
<Transactional>off</Transactional>
<SOAPValidation>body</SOAPValidation>
<SQLSourceType>static</SQLSourceType>
<Asynchronous>off</Asynchronous>
<ResultsMode>first-available</ResultsMode>
<RetryCount>0</RetryCount>
<RetryInterval>1000</RetryInterval>
<MultipleOutputs>off</MultipleOutputs>
<IteratorType>XPATH</IteratorType>
<Timeout>0</Timeout>
<MethodRewriteType>GET</MethodRewriteType>
<MethodType>POST</MethodType>
<MethodType2>POST</MethodType2></StylePolicyAction><StylePolicyAction name="BPM-ACR-WSP_default_request-rule_xform_0" xmlns:env="http://www.w3.org/2003/05/soap-envelope" xmlns:dp="http://www.datapower.com/schemas/management">
<mAdminState>enabled</mAdminState>
<Type>xform</Type>
<Input>INPUT</Input>
<Transform>local:///xsl/ldap-mapping-nocache-visa.xsl</Transform>
<Output>NULL</Output>
<NamedInOutLocationType>default</NamedInOutLocationType>
<OutputType>default</OutputType>
<Transactional>off</Transactional>
<SOAPValidation>body</SOAPValidation>
<SQLSourceType>static</SQLSourceType>
<Asynchronous>off</Asynchronous>
<ResultsMode>first-available</ResultsMode>
<RetryCount>0</RetryCount>
<RetryInterval>1000</RetryInterval>
<MultipleOutputs>off</MultipleOutputs>
<IteratorType>XPATH</IteratorType>
<Timeout>0</Timeout>
<MethodRewriteType>GET</MethodRewriteType>
<MethodType>POST</MethodType>
<MethodType2>POST</MethodType2></StylePolicyAction><StylePolicyAction name="BPM-ACR-WSP_default_request-rule_xform_1" xmlns:env="http://www.w3.org/2003/05/soap-envelope" xmlns:dp="http://www.datapower.com/schemas/management">
<mAdminState>enabled</mAdminState>
<Type>xform</Type>
<Input>INPUT</Input>
<Transform>local:///xsl/replace-userID.xsl</Transform>
<Output>INPUT</Output>
<NamedInOutLocationType>default</NamedInOutLocationType>
<OutputType>default</OutputType>
<Transactional>off</Transactional>
<SOAPValidation>body</SOAPValidation>
<SQLSourceType>static</SQLSourceType>
<Asynchronous>off</Asynchronous>
<ResultsMode>first-available</ResultsMode>
<RetryCount>0</RetryCount>
<RetryInterval>1000</RetryInterval>
<MultipleOutputs>off</MultipleOutputs>
<IteratorType>XPATH</IteratorType>
<Timeout>0</Timeout>
<MethodRewriteType>GET</MethodRewriteType>
<MethodType>POST</MethodType>
<MethodType2>POST</MethodType2></StylePolicyAction><StylePolicyAction name="BPM-ACR-WSP_default_request-rule_xform_2" xmlns:env="http://www.w3.org/2003/05/soap-envelope" xmlns:dp="http://www.datapower.com/schemas/management">
<mAdminState>enabled</mAdminState>
<Type>xform</Type>
<Input>INPUT</Input>
<Transform>local:///xsl/remove-header.xsl</Transform>
<Output>INPUT</Output>
<NamedInOutLocationType>default</NamedInOutLocationType>
<OutputType>default</OutputType>
<Transactional>off</Transactional>
<SOAPValidation>body</SOAPValidation>
<SQLSourceType>static</SQLSourceType>
<Asynchronous>off</Asynchronous>
<ResultsMode>first-available</ResultsMode>
<RetryCount>0</RetryCount>
<RetryInterval>1000</RetryInterval>
<MultipleOutputs>off</MultipleOutputs>
<IteratorType>XPATH</IteratorType>
<Timeout>0</Timeout>
<MethodRewriteType>GET</MethodRewriteType>
<MethodType>POST</MethodType>
<MethodType2>POST</MethodType2></StylePolicyAction><StylePolicyAction name="BPM-ACR-WSP_default_request-rule_defaultaction_result" xmlns:env="http://www.w3.org/2003/05/soap-envelope" xmlns:dp="http://www.datapower.com/schemas/management">
<mAdminState>enabled</mAdminState>
<Type>results</Type>
<Input>INPUT</Input>
<Output>OUTPUT</Output>
<NamedInOutLocationType>default</NamedInOutLocationType>
<OutputType>default</OutputType>
<Transactional>off</Transactional>
<SOAPValidation>body</SOAPValidation>
<SQLSourceType>static</SQLSourceType>
<Asynchronous>off</Asynchronous>
<ResultsMode>first-available</ResultsMode>
<RetryCount>0</RetryCount>
<RetryInterval>1000</RetryInterval>
<MultipleOutputs>off</MultipleOutputs>
<IteratorType>XPATH</IteratorType>
<Timeout>0</Timeout>
<MethodRewriteType>GET</MethodRewriteType>
<MethodType>POST</MethodType>
<MethodType2>POST</MethodType2></StylePolicyAction><WSStylePolicyRule name="BPM-ACR-WSP_default_request-rule" xmlns:env="http://www.w3.org/2003/05/soap-envelope" xmlns:dp="http://www.datapower.com/schemas/management">
<mAdminState>enabled</mAdminState>
<Direction>request-rule</Direction>
<InputFormat>none</InputFormat>
<OutputFormat>none</OutputFormat>
<NonXMLProcessing>off</NonXMLProcessing>
<Unprocessed>off</Unprocessed>
<Actions class="StylePolicyAction">BPM-ACR-WSP_default_request-rule_rewrite_0</Actions>
<Actions class="StylePolicyAction">BPM-ACR-WSP_default_request-rule_defaultaction_slm</Actions>
<Actions class="StylePolicyAction">BPM-ACR-WSP_default_request-rule_filter_0</Actions>
<Actions class="StylePolicyAction">BPM-ACR-WSP_default_request-rule_xform_0</Actions>
<Actions class="StylePolicyAction">BPM-ACR-WSP_default_request-rule_xform_1</Actions>
<Actions class="StylePolicyAction">BPM-ACR-WSP_default_request-rule_xform_2</Actions>
<Actions class="StylePolicyAction">BPM-ACR-WSP_default_request-rule_defaultaction_result</Actions></WSStylePolicyRule><StylePolicyAction name="BPM-ACR-WSP_default_response-rule_defaultaction_result" xmlns:env="http://www.w3.org/2003/05/soap-envelope" xmlns:dp="http://www.datapower.com/schemas/management">
<mAdminState>enabled</mAdminState>
<Type>results</Type>
<Input>INPUT</Input>
<Output>OUTPUT</Output>
<NamedInOutLocationType>default</NamedInOutLocationType>
<OutputType>default</OutputType>
<Transactional>off</Transactional>
<SOAPValidation>body</SOAPValidation>
<SQLSourceType>static</SQLSourceType>
<Asynchronous>off</Asynchronous>
<ResultsMode>first-available</ResultsMode>
<RetryCount>0</RetryCount>
<RetryInterval>1000</RetryInterval>
<MultipleOutputs>off</MultipleOutputs>
<IteratorType>XPATH</IteratorType>
<Timeout>0</Timeout>
<MethodRewriteType>GET</MethodRewriteType>
<MethodType>POST</MethodType>
<MethodType2>POST</MethodType2></StylePolicyAction><WSStylePolicyRule name="BPM-ACR-WSP_default_response-rule" xmlns:env="http://www.w3.org/2003/05/soap-envelope" xmlns:dp="http://www.datapower.com/schemas/management">
<mAdminState>enabled</mAdminState>
<Direction>response-rule</Direction>
<InputFormat>none</InputFormat>
<OutputFormat>none</OutputFormat>
<NonXMLProcessing>off</NonXMLProcessing>
<Unprocessed>off</Unprocessed>
<Actions class="StylePolicyAction">BPM-ACR-WSP_default_response-rule_defaultaction_result</Actions></WSStylePolicyRule><WSStylePolicy name="BPM-ACR-WSP" xmlns:env="http://www.w3.org/2003/05/soap-envelope" xmlns:dp="http://www.datapower.com/schemas/management">
<mAdminState>enabled</mAdminState>
<DefStylesheetForSoap>store:///filter-reject-all.xsl</DefStylesheetForSoap>
<DefStylesheetForXsl>store:///identity.xsl</DefStylesheetForXsl>
<PolicyMaps>
<WSDLComponentType>fragmentid</WSDLComponentType>
<WSDLComponentValue/>
<Match class="Matching">BPM-ACR-WSP_match_all</Match>
<Rule class="WSStylePolicyRule">BPM-ACR-WSP_default_request-rule</Rule>
<Subscription/>
<WSDLFragmentID>http://www.datapower.com/fragment-id#dp.all()</WSDLFragmentID></PolicyMaps>
<PolicyMaps>
<WSDLComponentType>fragmentid</WSDLComponentType>
<WSDLComponentValue/>
<Match class="Matching">BPM-ACR-WSP_match_all</Match>
<Rule class="WSStylePolicyRule">BPM-ACR-WSP_default_response-rule</Rule>
<Subscription/>
<WSDLFragmentID>http://www.datapower.com/fragment-id#dp.all()</WSDLFragmentID></PolicyMaps></WSStylePolicy><PolicyAttachments name="BPM-ACR-WSP_CustomerCreditRating-GDC.wsdl" xmlns:env="http://www.w3.org/2003/05/soap-envelope" xmlns:dp="http://www.datapower.com/schemas/management">
<mAdminState>enabled</mAdminState>
<EnforcementMode>filter</EnforcementMode>
<PolicyReferences>on</PolicyReferences></PolicyAttachments><WSGateway name="BPM-ACR-WSP" xmlns:env="http://www.w3.org/2003/05/soap-envelope" xmlns:dp="http://www.datapower.com/schemas/management">
<mAdminState>enabled</mAdminState>
<Priority>normal</Priority>
<XMLManager class="XMLManager">default</XMLManager>
<SSLProxy class="SSLProxyProfile">BPM-TO-ACR-PP</SSLProxy>
<DefaultParamNamespace>http://www.datapower.com/param/config</DefaultParamNamespace>
<QueryParamNamespace>http://www.datapower.com/param/query</QueryParamNamespace>
<PropagateURI>off</PropagateURI>
<MonitorProcessingPolicy>terminate-at-first-throttle</MonitorProcessingPolicy>
<RequestAttachments>strip</RequestAttachments>
<ResponseAttachments>strip</ResponseAttachments>
<RootPartNotFirstAction>process-in-order</RootPartNotFirstAction>
<FrontAttachmentFormat>dynamic</FrontAttachmentFormat>
<BackAttachmentFormat>dynamic</BackAttachmentFormat>
<MIMEFrontHeaders>on</MIMEFrontHeaders>
<MIMEBackHeaders>on</MIMEBackHeaders>
<StreamOutputToBack>buffer-until-verification</StreamOutputToBack>
<StreamOutputToFront>buffer-until-verification</StreamOutputToFront>
<MaxMessageSize>0</MaxMessageSize>
<GatewayParserLimits>off</GatewayParserLimits>
<ParserLimitsElementDepth>512</ParserLimitsElementDepth>
<ParserLimitsAttributeCount>128</ParserLimitsAttributeCount>
<ParserLimitsMaxNodeSize>33554432</ParserLimitsMaxNodeSize>
<ParserLimitsForbidExternalReferences>on</ParserLimitsForbidExternalReferences>
<ParserLimitsExternalReferences>forbid</ParserLimitsExternalReferences>
<ParserLimitsMaxPrefixes>0</ParserLimitsMaxPrefixes>
<ParserLimitsMaxNamespaces>0</ParserLimitsMaxNamespaces>
<ParserLimitsMaxLocalNames>0</ParserLimitsMaxLocalNames>
<ParserLimitsAttachmentByteCount>2000000000</ParserLimitsAttachmentByteCount>
<ParserLimitsAttachmentPackageByteCount>0</ParserLimitsAttachmentPackageByteCount>
<DebugMode persisted="false">off</DebugMode>
<DebuggerType>internal</DebuggerType>
<DebugHistory>25</DebugHistory>
<RequestType>soap</RequestType>
<ResponseType>soap</ResponseType>
<FlowControl>off</FlowControl>
<SOAPSchemaURL>store:///schemas/soap-envelope.xsd</SOAPSchemaURL>
<FrontTimeout>120</FrontTimeout>
<BackTimeout>120</BackTimeout>
<FrontPersistentTimeout>180</FrontPersistentTimeout>
<BackPersistentTimeout>180</BackPersistentTimeout>
<IncludeResponseTypeEncoding>off</IncludeResponseTypeEncoding>
<BackHTTPVersion>HTTP/1.1</BackHTTPVersion>
<AllowCompression>off</AllowCompression>
<PersistentConnections>on</PersistentConnections>
<LoopDetection>off</LoopDetection>
<FollowRedirects>on</FollowRedirects>
<DoHostRewriting>on</DoHostRewriting>
<DoChunkedUpload>off</DoChunkedUpload>
<ProcessHTTPErrors>on</ProcessHTTPErrors>
<HTTPClientIPLabel>X-Client-IP</HTTPClientIPLabel>
<InOrderMode>
<Request>off</Request>
<Backend>off</Backend>
<Response>off</Response></InOrderMode>
<WSAMode>sync2sync</WSAMode>
<WSARequireAAA>on</WSARequireAAA>
<WSAStrip>on</WSAStrip>
<WSADefaultReplyTo>http://schemas.xmlsoap.org/ws/2004/08/addressing/role/anonymous</WSADefaultReplyTo>
<WSADefaultFaultTo>http://schemas.xmlsoap.org/ws/2004/08/addressing/role/anonymous</WSADefaultFaultTo>
<WSAForce>off</WSAForce>
<WSAGenStyle>sync</WSAGenStyle>
<WSAHTTPAsyncResponseCode>204</WSAHTTPAsyncResponseCode>
<WSATimeout>120</WSATimeout>
<WSRMEnabled>off</WSRMEnabled>
<WSRMSequenceExpiration>3600</WSRMSequenceExpiration>
<WSRMDestinationAcceptCreateSequence>on</WSRMDestinationAcceptCreateSequence>
<WSRMDestinationMaximumSequences>400</WSRMDestinationMaximumSequences>
<WSRMDestinationInOrder>off</WSRMDestinationInOrder>
<WSRMDestinationMaximumInOrderQueueLength>10</WSRMDestinationMaximumInOrderQueueLength>
<WSRMDestinationAcceptOffers>off</WSRMDestinationAcceptOffers>
<WSRMFrontForce>off</WSRMFrontForce>
<WSRMBackForce>off</WSRMBackForce>
<WSRMBackCreateSequence>off</WSRMBackCreateSequence>
<WSRMFrontCreateSequence>off</WSRMFrontCreateSequence>
<WSRMSourceMakeOffer>off</WSRMSourceMakeOffer>
<WSRMUsesSequenceSSL>off</WSRMUsesSequenceSSL>
<WSRMSourceMaximumSequences>400</WSRMSourceMaximumSequences>
<WSRMSourceRetransmissionInterval>10</WSRMSourceRetransmissionInterval>
<WSRMSourceExponentialBackoff>on</WSRMSourceExponentialBackoff>
<WSRMSourceMaximumRetransmissions>4</WSRMSourceMaximumRetransmissions>
<WSRMSourceMaximumQueueLength>30</WSRMSourceMaximumQueueLength>
<WSRMSourceRequestAckCount>1</WSRMSourceRequestAckCount>
<WSRMSourceInactivityClose>360</WSRMSourceInactivityClose>
<ForcePolicyExec>off</ForcePolicyExec>
<RewriteErrors>on</RewriteErrors>
<Type>static-from-wsdl</Type>
<AutoCreateSources>off</AutoCreateSources>
<EndpointRewritePolicy class="WSEndpointRewritePolicy">BPM-ACR-WSP</EndpointRewritePolicy>
<StylePolicy class="WSStylePolicy">BPM-ACR-WSP</StylePolicy>
<RemoteFetchRetry>
<AutomaticRetry>off</AutomaticRetry>
<RetryInterval>1</RetryInterval>
<ReportingInterval>1</ReportingInterval>
<TotalRetries>1</TotalRetries></RemoteFetchRetry>
<BaseWSDL>
<WSDLSourceLocation>local:///CustomerCreditRating.GDC/CustomerCreditRating-GDC.wsdl</WSDLSourceLocation>
<WSDLName>CustomerCreditRating-GDC.wsdl</WSDLName>
<PolicyAttachments class="PolicyAttachments">BPM-ACR-WSP_CustomerCreditRating-GDC.wsdl</PolicyAttachments></BaseWSDL>
<EncryptedKeySHA1CacheLifeTime>0</EncryptedKeySHA1CacheLifeTime>
<PreserveKeyChain>off</PreserveKeyChain>
<SOAPActionPolicy>lax</SOAPActionPolicy></WSGateway></configuration><files><file name="local:///xml/ldap-config.xml" src="local/xml/ldap-config.xml" location="local" hash="bsEliLTnN3wAdg/O5gUaMh3j17Q="/><file name="local:///xml/ldap-config-visa.xml" src="local/xml/ldap-config-visa.xml" location="local" hash="YhYqZlv8GRKP2pGeHijwA3//qMU="/><file name="local:///xsl/replace-userID.xsl" src="local/xsl/replace-userID.xsl" location="local" hash="XTug8tZxWJuN4ULnyW+Kx/llyh0="/><file name="local:///xsl/ldap-mapping-nocache.xsl" src="local/xsl/ldap-mapping-nocache.xsl" location="local" hash="9vmBZL0ZEvWk58EVik8sFuactUQ="/><file name="local:///xsl/remove-header.xsl" src="local/xsl/remove-header.xsl" location="local" hash="015m7IoRL6awlEx4bSH3PW/Cfo8="/><file name="local:///xsl/ldap-mapping-nocache-visa.xsl" src="local/xsl/ldap-mapping-nocache-visa.xsl" location="local" hash="xHtKwycpaNdu2hb54OTQGDBQTPI="/><file name="local:///PartyDataMgmt.IDDocument/addPartyIDDocument_XSDReq.xsd" src="local/PartyDataMgmt.IDDocument/addPartyIDDocument_XSDReq.xsd" location="local" hash="eK9fhoUzhc98PTLwOJZv9l5l9UY="/><file name="local:///PartyDataMgmt.IDDocument/addPartyIDDocument_XSDRes.xsd" src="local/PartyDataMgmt.IDDocument/addPartyIDDocument_XSDRes.xsd" location="local" hash="WiM90Iv6kUiAIL7oc6e5E5guI5g="/><file name="local:///PartyDataMgmt.IDDocument/BLCDomainLibraryFSC.xsd" src="local/PartyDataMgmt.IDDocument/BLCDomainLibraryFSC.xsd" location="local" hash="5uerZ1e6BL9/hpAW0aTRup9Tkuc="/><file name="local:///PartyDataMgmt.IDDocument/EntCommon.xsd" src="local/PartyDataMgmt.IDDocument/EntCommon.xsd" location="local" hash="FJELSz/EPzb4fW8gi+oCzMysOTg="/><file name="local:///PartyDataMgmt.IDDocument/getPartyIDDocumentList_XSDReq.xsd" src="local/PartyDataMgmt.IDDocument/getPartyIDDocumentList_XSDReq.xsd" location="local" hash="Ru2uMEGShphqklP4cn8U4G0AVlg="/><file name="local:///PartyDataMgmt.IDDocument/getPartyIDDocumentList_XSDResp.xsd" src="local/PartyDataMgmt.IDDocument/getPartyIDDocumentList_XSDResp.xsd" location="local" hash="1DkXKP3ojcRFkXkGJsLEbHKiz/c="/><file name="local:///PartyDataMgmt.IDDocument/PartyDataMgmt_IDDocument_INF.wsdl" src="local/PartyDataMgmt.IDDocument/PartyDataMgmt_IDDocument_INF.wsdl" location="local" hash="2NNwDYlezSRZcJQL81Ri6Kq0fBE="/><file name="local:///PartyDataMgmt.IDDocument/setPartyIDDocument_XSDReq.xsd" src="local/PartyDataMgmt.IDDocument/setPartyIDDocument_XSDReq.xsd" location="local" hash="6n9Lvy7MEH4fm2EVgGoe0O2111w="/><file name="local:///PartyDataMgmt.IDDocument/setPartyIDDocument_XSDRes.xsd" src="local/PartyDataMgmt.IDDocument/setPartyIDDocument_XSDRes.xsd" location="local" hash="b9GIV2ucW/sDn677xrQpNLuLr1Y="/><file name="local:///PartyDataMgmt.IDDocument/PartyDataMgmt_IDDocument_MM_PartyDataMgmt_IDDocument_EXP_1.wsdl" src="local/PartyDataMgmt.IDDocument/PartyDataMgmt_IDDocument_MM_PartyDataMgmt_IDDocument_EXP_1.wsdl" location="local" hash="N0sA15SxLuGjzFILnbPbnlJhelc="/><file name="local:///PartyDataMgmt.IDDocument/addPartyIDDocument_Type_Req.xsd" src="local/PartyDataMgmt.IDDocument/addPartyIDDocument_Type_Req.xsd" location="local" hash="j1gKU5id3raO8dBuvLwXQ9/FgM4="/><file name="local:///PartyDataMgmt.IDDocument/addPartyIDDocument_Type_Resp.xsd" src="local/PartyDataMgmt.IDDocument/addPartyIDDocument_Type_Resp.xsd" location="local" hash="Z6AMxHg59bsQIl2wC2qLrJSgZNY="/><file name="local:///PartyDataMgmt.IDDocument/setPartyIDDocument_Type_Req.xsd" src="local/PartyDataMgmt.IDDocument/setPartyIDDocument_Type_Req.xsd" location="local" hash="NN1SWxYb3z4shaMLRsqov5QBHK4="/><file name="local:///PartyDataMgmt.IDDocument/setPartyIDDocument_Type_Resp.xsd" src="local/PartyDataMgmt.IDDocument/setPartyIDDocument_Type_Resp.xsd" location="local" hash="zZ3D52mL8q0Y6lViZm8w9XTfeXM="/><file name="local:///PartyDataMgmt.IDDocument/PartyDataMgmt_IDDocument_MM_PartyDataMgmt_IDDocument_EXP.wsdl" src="local/PartyDataMgmt.IDDocument/PartyDataMgmt_IDDocument_MM_PartyDataMgmt_IDDocument_EXP.wsdl" location="local" hash="N0sA15SxLuGjzFILnbPbnlJhelc="/><file name="local:///Voute.Vault/CMIS-Core.xsd" src="local/Voute.Vault/CMIS-Core.xsd" location="local" hash="dKw0HtLw/arerPI+pruIjIhIKpo="/><file name="local:///Voute.Vault/CMIS-Messaging.xsd" src="local/Voute.Vault/CMIS-Messaging.xsd" location="local" hash="zKLw3kxsXJ90fNTJf2KLtc5c4/U="/><file name="local:///Voute.Vault/CMISWS-Service.wsdl" src="local/Voute.Vault/CMISWS-Service.wsdl" location="local" hash="eZfLIPyRRvdrvovViloa9pUZH24="/><file name="local:///Voute.GenDoc/GenDocRQ1-0-0.xsd" src="local/Voute.GenDoc/GenDocRQ1-0-0.xsd" location="local" hash="QjJlQpoT+5UKFBR1m13ILMgCTZI="/><file name="local:///Voute.GenDoc/GenDocRS1-0-0.xsd" src="local/Voute.GenDoc/GenDocRS1-0-0.xsd" location="local" hash="P7rAkkVwc7dh7RtyMG4DKXf7a9Y="/><file name="local:///Voute.GenDoc/GenDocService.wsdl" src="local/Voute.GenDoc/GenDocService.wsdl" location="local" hash="SYPqzHo1mHzHWXIRDRxRJizVzwY="/><file name="local:///SQL-Injection-Filter.xsl" src="local/SQL-Injection-Filter.xsl" location="local" hash="sC3m3DJHXT4HgzB95RjNMoTmpGs="/><file name="local:///SQL-Injection-Patterns.xml" src="local/SQL-Injection-Patterns.xml" location="local" hash="JoWy7f0XMFxKCh13a8kPk/p0V/E="/><file name="local:///ClientProfile.ClientMgmt/BLCDomainLibraryFSC.xsd" src="local/ClientProfile.ClientMgmt/BLCDomainLibraryFSC.xsd" location="local" hash="OyqXSPZZN8Pdxk4/rCS2TxEk1I8="/><file name="local:///ClientProfile.ClientMgmt/ClientMLLst.xsd" src="local/ClientProfile.ClientMgmt/ClientMLLst.xsd" location="local" hash="SvI5QK6nczdzhVwWnzqYQ+nrj5s="/><file name="local:///ClientProfile.ClientMgmt/ClientProfile_ClientMgmt_MM_ClientProfile_ClientMgmt_EXP_1.wsdl" src="local/ClientProfile.ClientMgmt/ClientProfile_ClientMgmt_MM_ClientProfile_ClientMgmt_EXP_1.wsdl" location="local" hash="/i6nOYybTJ1ygU8M3SXIIUsIjn4="/><file name="local:///ClientProfile.ClientMgmt/ClientProfile_ClientMngmt_INF.wsdl" src="local/ClientProfile.ClientMgmt/ClientProfile_ClientMngmt_INF.wsdl" location="local" hash="ExDFmOk72PkJu3Qfu67aYPwDRkk="/><file name="local:///ClientProfile.ClientMgmt/EntCommon.xsd" src="local/ClientProfile.ClientMgmt/EntCommon.xsd" location="local" hash="wRqnHiqsp/BVSJLDwWBLr5grHNg="/><file name="local:///ClientProfile.ClientMgmt/getClientMLRequestType.xsd" src="local/ClientProfile.ClientMgmt/getClientMLRequestType.xsd" location="local" hash="2RNqSdOs9BL3jYI8W14trRDH83c="/><file name="local:///ClientProfile.ClientMgmt/getClientMLResponseType.xsd" src="local/ClientProfile.ClientMgmt/getClientMLResponseType.xsd" location="local" hash="cV7L2S3okmc8Bwc9bRY6nuCn5sU="/><file name="local:///ClientProfile.ClientMgmt/GuarCseLst.xsd" src="local/ClientProfile.ClientMgmt/GuarCseLst.xsd" location="local" hash="FXyzJznCJ319D+S+D+yxI26ISms="/><file name="local:///ClientProfile.ClientMgmt/MortgageCseLst.xsd" src="local/ClientProfile.ClientMgmt/MortgageCseLst.xsd" location="local" hash="fWQnM06MWzl6Wa+alaH5di1vQzU="/><file name="local:///ClientProfile.ClientMgmt/validateClientRequestType.xsd" src="local/ClientProfile.ClientMgmt/validateClientRequestType.xsd" location="local" hash="zS+5luNrhT5KBTk/F4ahtz8rofs="/><file name="local:///ClientProfile.ClientMgmt/validateClientResponseType.xsd" src="local/ClientProfile.ClientMgmt/validateClientResponseType.xsd" location="local" hash="zH8ILkoQS3nWVRyC7asPV0Eq/LI="/><file name="local:///ClientProfile.ClientPNIMngmt/addClientInternalNotationProfileRequestType.xsd" src="local/ClientProfile.ClientPNIMngmt/addClientInternalNotationProfileRequestType.xsd" location="local" hash="MoLW1wJHkCBurgMJ64Cjfwzi5fI="/><file name="local:///ClientProfile.ClientPNIMngmt/addClientInternalNotationProfileResponseType.xsd" src="local/ClientProfile.ClientPNIMngmt/addClientInternalNotationProfileResponseType.xsd" location="local" hash="zlNCQP7wkkbZ7qWbUiTsZnTx72Q="/><file name="local:///ClientProfile.ClientPNIMngmt/BLCDomainLibraryFSC.xsd" src="local/ClientProfile.ClientPNIMngmt/BLCDomainLibraryFSC.xsd" location="local" hash="poY7ZM5Z+LTOLEcHVElZbNlJApI="/><file name="local:///ClientProfile.ClientPNIMngmt/ClientProfile_ClientPNIMngmt_INF.wsdl" src="local/ClientProfile.ClientPNIMngmt/ClientProfile_ClientPNIMngmt_INF.wsdl" location="local" hash="E6EFdwsScmwnc7byxD6DZvlF/pQ="/><file name="local:///ClientProfile.ClientPNIMngmt/ClientProfile_ClientPNIMngmt_MM_ClientProfile_ClientPNIMngmt_EXP_1.wsdl" src="local/ClientProfile.ClientPNIMngmt/ClientProfile_ClientPNIMngmt_MM_ClientProfile_ClientPNIMngmt_EXP_1.wsdl" location="local" hash="iNKr3ZvRODPiktF20txwdUQkq4E="/><file name="local:///ClientProfile.ClientPNIMngmt/EntCommon.xsd" src="local/ClientProfile.ClientPNIMngmt/EntCommon.xsd" location="local" hash="wRqnHiqsp/BVSJLDwWBLr5grHNg="/><file name="local:///ClientProfile.ClientPNIMngmt/setClientInternalNotationProfileRequestType.xsd" src="local/ClientProfile.ClientPNIMngmt/setClientInternalNotationProfileRequestType.xsd" location="local" hash="/UPfREwdXeAhEmiN0DA92YrcLOE="/><file name="local:///ClientProfile.ClientPNIMngmt/setClientInternalNotationProfileResponseType.xsd" src="local/ClientProfile.ClientPNIMngmt/setClientInternalNotationProfileResponseType.xsd" location="local" hash="VbM4imm/1s87aGqUlJEv92SAHVM="/><file name="local:///ClientProfile.Coverage/BLCDomainLibraryFSC.xsd" src="local/ClientProfile.Coverage/BLCDomainLibraryFSC.xsd" location="local" hash="fHGvHWZLQacJ9zMnJ1K/uVSiTqw="/><file name="local:///ClientProfile.Coverage/ClientProfile_Coverage_INF.wsdl" src="local/ClientProfile.Coverage/ClientProfile_Coverage_INF.wsdl" location="local" hash="j4kMKDvZ77tIuuyePvOB/PtikMg="/><file name="local:///ClientProfile.Coverage/ClientProfile_Coverage_MM_ClientProfile_Coverage_EXP_1.wsdl" src="local/ClientProfile.Coverage/ClientProfile_Coverage_MM_ClientProfile_Coverage_EXP_1.wsdl" location="local" hash="is3v/9Ga5C/qezI/ouJfvMVY0KY="/><file name="local:///ClientProfile.Coverage/EntCommon.xsd" src="local/ClientProfile.Coverage/EntCommon.xsd" location="local" hash="wRqnHiqsp/BVSJLDwWBLr5grHNg="/><file name="local:///ClientProfile.Coverage/GetClientServiceCoverageRequestType.xsd" src="local/ClientProfile.Coverage/GetClientServiceCoverageRequestType.xsd" location="local" hash="vUj2Stwq71AUEOD4t++zGfr1xjU="/><file name="local:///ClientProfile.Coverage/GetClientServiceCoverageResponseType.xsd" src="local/ClientProfile.Coverage/GetClientServiceCoverageResponseType.xsd" location="local" hash="vv6GKhaCdmkBEzRgrQrgaTSRnUw="/><file name="local:///ClientProfile.Coverage/getDCSOProductsOwnersRequestType.xsd" src="local/ClientProfile.Coverage/getDCSOProductsOwnersRequestType.xsd" location="local" hash="OlG+U3HoD7cAFlM/56kZrnA2WS0="/><file name="local:///ClientProfile.Coverage/getDCSOProductsOwnersResponseType.xsd" src="local/ClientProfile.Coverage/getDCSOProductsOwnersResponseType.xsd" location="local" hash="dltbz1YscTDyGXBNojDicnNhlwk="/><file name="local:///ClientProfile.Coverage/getProductOwnersRequestType.xsd" src="local/ClientProfile.Coverage/getProductOwnersRequestType.xsd" location="local" hash="W4NWLRduekmOwvwAflQ+d0ksDDg="/><file name="local:///ClientProfile.Coverage/getProductOwnersResponseType.xsd" src="local/ClientProfile.Coverage/getProductOwnersResponseType.xsd" location="local" hash="T0hWJ/W7o31iqkvBhkzzM28y1Yw="/><file name="local:///ClientProfile.Coverage/OtherServiceDetails.xsd" src="local/ClientProfile.Coverage/OtherServiceDetails.xsd" location="local" hash="9/06hgK8UvHYOmJSAXvzCs7ty6w="/><file name="local:///ClientProfile.Coverage/PendingAccountMsgs.xsd" src="local/ClientProfile.Coverage/PendingAccountMsgs.xsd" location="local" hash="b+BTWs6mXUWYk4pLac+OOHOK+Co="/><file name="local:///ClientProfile.Coverage/ProductFicDetail_Type.xsd" src="local/ClientProfile.Coverage/ProductFicDetail_Type.xsd" location="local" hash="EgqJolbUmd7U6swx3S84o3wHgSg="/><file name="local:///ClientProfile.Coverage/ProductList.xsd" src="local/ClientProfile.Coverage/ProductList.xsd" location="local" hash="yOZIGtIm0/g56c7aeiB5SRclBBA="/><file name="local:///ClientProfile.Coverage/ServiceList.xsd" src="local/ClientProfile.Coverage/ServiceList.xsd" location="local" hash="WUMO3nLrGv9rU7d10biB+0inieI="/><file name="local:///ClientProfile.DataBloc/BLCDomainLibraryFSC.xsd" src="local/ClientProfile.DataBloc/BLCDomainLibraryFSC.xsd" location="local" hash="Jx0q5cVjpmmaHJ4qnOcTngzanEc="/><file name="local:///ClientProfile.DataBloc/ClientProfile_DataBloc.wsdl" src="local/ClientProfile.DataBloc/ClientProfile_DataBloc.wsdl" location="local" hash="h38ShE2UHXSi3+FtPv2MGP/MZt0="/><file name="local:///ClientProfile.DataBloc/ClientProfile_DataBloc_ClientProfile_DataBloc_EXP_1.wsdl" src="local/ClientProfile.DataBloc/ClientProfile_DataBloc_ClientProfile_DataBloc_EXP_1.wsdl" location="local" hash="PZGCVmo8eWVJL3hXQGuUfF17Bw8="/><file name="local:///ClientProfile.DataBloc/EntCommon.xsd" src="local/ClientProfile.DataBloc/EntCommon.xsd" location="local" hash="FJELSz/EPzb4fW8gi+oCzMysOTg="/><file name="local:///ClientProfile.DataBloc/getClientSummaryRequest.xsd" src="local/ClientProfile.DataBloc/getClientSummaryRequest.xsd" location="local" hash="zKGf6D9gp6omTutzdX86rRmh7bQ="/><file name="local:///ClientProfile.DataBloc/GetClientSummaryResConsolidatedBO.xsd" src="local/ClientProfile.DataBloc/GetClientSummaryResConsolidatedBO.xsd" location="local" hash="LGlk2sHgD4UUJtA4684mi9tk0Ww="/><file name="local:///ClientProfile.DataBloc/getClientSummaryResponse.xsd" src="local/ClientProfile.DataBloc/getClientSummaryResponse.xsd" location="local" hash="ND0/ikao4j776wx0xtZ4f87mCjA="/><file name="local:///ClientProfile.DataBloc/ClientProfile_DataBloc_ClientProfile_DataBloc_EXP.wsdl" src="local/ClientProfile.DataBloc/ClientProfile_DataBloc_ClientProfile_DataBloc_EXP.wsdl" location="local" hash="PZGCVmo8eWVJL3hXQGuUfF17Bw8="/><file name="local:///ClientRelationshipMgmt.DCSO/BLCDomainLibraryFSC.xsd" src="local/ClientRelationshipMgmt.DCSO/BLCDomainLibraryFSC.xsd" location="local" hash="5uerZ1e6BL9/hpAW0aTRup9Tkuc="/><file name="local:///ClientRelationshipMgmt.DCSO/ClientRelationshipMgmt_DCSO_INF.wsdl" src="local/ClientRelationshipMgmt.DCSO/ClientRelationshipMgmt_DCSO_INF.wsdl" location="local" hash="dSiv4RrIN1srpe+RN/7zMkwFGd0="/><file name="local:///ClientRelationshipMgmt.DCSO/EntCommon.xsd" src="local/ClientRelationshipMgmt.DCSO/EntCommon.xsd" location="local" hash="FJELSz/EPzb4fW8gi+oCzMysOTg="/><file name="local:///ClientRelationshipMgmt.DCSO/getDCSOListRequestType.xsd" src="local/ClientRelationshipMgmt.DCSO/getDCSOListRequestType.xsd" location="local" hash="yuaT/fqCn/ocmXU4v5Qe02WBz5k="/><file name="local:///ClientRelationshipMgmt.DCSO/getDCSOListResponseType.xsd" src="local/ClientRelationshipMgmt.DCSO/getDCSOListResponseType.xsd" location="local" hash="VAQIzlmvlTEprmp+KuqoEoWT5KM="/><file name="local:///ClientRelationshipMgmt.DCSO/addDCSOReponseList_type.xsd" src="local/ClientRelationshipMgmt.DCSO/addDCSOReponseList_type.xsd" location="local" hash="xkQCOFR/cll37NraHF+zbg5OpAM="/><file name="local:///ClientRelationshipMgmt.DCSO/addDCSORequestType.xsd" src="local/ClientRelationshipMgmt.DCSO/addDCSORequestType.xsd" location="local" hash="aAE81Ie6TVOgYiY/0PHyeEp3NxU="/><file name="local:///ClientRelationshipMgmt.DCSO/addDCSOResponseType.xsd" src="local/ClientRelationshipMgmt.DCSO/addDCSOResponseType.xsd" location="local" hash="VrLbRdfANui/U0MPWAx+oGUP7ao="/><file name="local:///ClientRelationshipMgmt.DCSO/ClientRelationshipMgmt_DCSO_MM_ClientRelationshipMgmt_DCSO_EXP.wsdl" src="local/ClientRelationshipMgmt.DCSO/ClientRelationshipMgmt_DCSO_MM_ClientRelationshipMgmt_DCSO_EXP.wsdl" location="local" hash="Fa+9Cutr/XhhCbj1VAt6vynkkoM="/><file name="local:///ClientRelationshipMgmt.DCSO/DCSOList.xsd" src="local/ClientRelationshipMgmt.DCSO/DCSOList.xsd" location="local" hash="PyaPxSXT/ZhyUI7qP7ijRK2/xTY="/><file name="local:///ClientRelationshipMgmt.DCSO/MsgInfo_Type.xsd" src="local/ClientRelationshipMgmt.DCSO/MsgInfo_Type.xsd" location="local" hash="oNVReiS9Zc/t8K+HUzUUIzFmORk="/><file name="local:///ClientRelationshipMgmt.NA/addNARequestType.xsd" src="local/ClientRelationshipMgmt.NA/addNARequestType.xsd" location="local" hash="xIet/mDvf+qN1d5W8114+pOyX+U="/><file name="local:///ClientRelationshipMgmt.NA/addNAResponseType.xsd" src="local/ClientRelationshipMgmt.NA/addNAResponseType.xsd" location="local" hash="ht6WB2x1cVSlWqcU1wvsiUMpr88="/><file name="local:///ClientRelationshipMgmt.NA/BLCDomainLibraryFSC.xsd" src="local/ClientRelationshipMgmt.NA/BLCDomainLibraryFSC.xsd" location="local" hash="+IHkYg3izy3r0A/ykI3I7SAtLog="/><file name="local:///ClientRelationshipMgmt.NA/ClientRelationshipMgmt_NA_INF.wsdl" src="local/ClientRelationshipMgmt.NA/ClientRelationshipMgmt_NA_INF.wsdl" location="local" hash="jWnFv7p4SRsIBKkW3OwjQs+HhdE="/><file name="local:///ClientRelationshipMgmt.NA/ClientRelationshipMgmt_NA_MM_ClientRelationshipMgmt_NA_EXP_1.wsdl" src="local/ClientRelationshipMgmt.NA/ClientRelationshipMgmt_NA_MM_ClientRelationshipMgmt_NA_EXP_1.wsdl" location="local" hash="D0tjNvGiL9+/dymuacm5Ea6+ieo="/><file name="local:///ClientRelationshipMgmt.NA/EntCommon.xsd" src="local/ClientRelationshipMgmt.NA/EntCommon.xsd" location="local" hash="wRqnHiqsp/BVSJLDwWBLr5grHNg="/><file name="local:///ClientRelationshipMgmt.NA/setNARequestType.xsd" src="local/ClientRelationshipMgmt.NA/setNARequestType.xsd" location="local" hash="9ylHVUvS8AxyijpTmo7maoYMo/4="/><file name="local:///ClientRelationshipMgmt.NA/setNAResponseType.xsd" src="local/ClientRelationshipMgmt.NA/setNAResponseType.xsd" location="local" hash="4rCxG9B5XhThHm1Mpztzs/MdK9U="/><file name="local:///ClientRelationshipMgmt.Party/addClientRelationshipToPartyRequestType.xsd" src="local/ClientRelationshipMgmt.Party/addClientRelationshipToPartyRequestType.xsd" location="local" hash="x5uEMsdvpaZdlWMKR4+pUI2BRrk="/><file name="local:///ClientRelationshipMgmt.Party/addClientRelationshipToPartyResponseType.xsd" src="local/ClientRelationshipMgmt.Party/addClientRelationshipToPartyResponseType.xsd" location="local" hash="7Y14INIjJv1ZfN3LW5lVhBmJSl4="/><file name="local:///ClientRelationshipMgmt.Party/BLCDomainLibraryFSC.xsd" src="local/ClientRelationshipMgmt.Party/BLCDomainLibraryFSC.xsd" location="local" hash="pYcl+UItaeToTTXKkPrBYVZxerk="/><file name="local:///ClientRelationshipMgmt.Party/ClientRelationshipMgmt_Party_INF.wsdl" src="local/ClientRelationshipMgmt.Party/ClientRelationshipMgmt_Party_INF.wsdl" location="local" hash="9obcKlPt2bTb8rQvXLP7+LWs+HQ="/><file name="local:///ClientRelationshipMgmt.Party/getClientRelationshipToPartyListResponse_RelationWithDocs.xsd" src="local/ClientRelationshipMgmt.Party/getClientRelationshipToPartyListResponse_RelationWithDocs.xsd" location="local" hash="3oljBpRtJBDknDuWwlFKaZW1Qxc="/><file name="local:///ClientRelationshipMgmt.Party/EntCommon.xsd" src="local/ClientRelationshipMgmt.Party/EntCommon.xsd" location="local" hash="FJELSz/EPzb4fW8gi+oCzMysOTg="/><file name="local:///ClientRelationshipMgmt.Party/getClientRelationshipToPartyListRequestType.xsd" src="local/ClientRelationshipMgmt.Party/getClientRelationshipToPartyListRequestType.xsd" location="local" hash="GCHQHNnUUKxaPL6GbD/NaMVUQsk="/><file name="local:///ClientRelationshipMgmt.Party/getClientRelationshipToPartyListResponseType.xsd" src="local/ClientRelationshipMgmt.Party/getClientRelationshipToPartyListResponseType.xsd" location="local" hash="s2TspNeoy+u+6LixbdmaXmJIqEY="/><file name="local:///ClientRelationshipMgmt.Party/RelationWithDocs.xsd" src="local/ClientRelationshipMgmt.Party/RelationWithDocs.xsd" location="local" hash="s6mZ7fWqRE3+0+ShnZB+VupKLBw="/><file name="local:///ClientRelationshipMgmt.Party/setClientRelationshipToPartyRequestType.xsd" src="local/ClientRelationshipMgmt.Party/setClientRelationshipToPartyRequestType.xsd" location="local" hash="AM3S5+iM71jwuxNF3wlI+SnSSZw="/><file name="local:///ClientRelationshipMgmt.Party/setClientRelationshipToPartyResponseType.xsd" src="local/ClientRelationshipMgmt.Party/setClientRelationshipToPartyResponseType.xsd" location="local" hash="xZPP/OTZT8WHtBu1L3tJZHaa9lQ="/><file name="local:///ClientRelationshipMgmt.Party/ClientRelationshipMgmt_Party_MM_ClientRelationshipMgmt_Party_EXP_1.wsdl" src="local/ClientRelationshipMgmt.Party/ClientRelationshipMgmt_Party_MM_ClientRelationshipMgmt_Party_EXP_1.wsdl" location="local" hash="FKVcG7tE/lQixFbzRjNvis9AGDQ="/><file name="local:///ClientRelationshipMgmt.Product/BLCDomainLibraryFSC.xsd" src="local/ClientRelationshipMgmt.Product/BLCDomainLibraryFSC.xsd" location="local" hash="Jx0q5cVjpmmaHJ4qnOcTngzanEc="/><file name="local:///ClientRelationshipMgmt.Product/ClientRelationshipMgmt_Product_INF.wsdl" src="local/ClientRelationshipMgmt.Product/ClientRelationshipMgmt_Product_INF.wsdl" location="local" hash="TZ1uQqwhEro1MsGiGDkHojCuKAI="/><file name="local:///ClientRelationshipMgmt.Product/EntCommon.xsd" src="local/ClientRelationshipMgmt.Product/EntCommon.xsd" location="local" hash="FJELSz/EPzb4fW8gi+oCzMysOTg="/><file name="local:///ClientRelationshipMgmt.Product/getClientRelationOnOwnedProductsRequestType.xsd" src="local/ClientRelationshipMgmt.Product/getClientRelationOnOwnedProductsRequestType.xsd" location="local" hash="PjFT3jdc+nxgO1OivW/xZZ/osYE="/><file name="local:///ClientRelationshipMgmt.Product/getClientRelationOnOwnedProductsResponseType.xsd" src="local/ClientRelationshipMgmt.Product/getClientRelationOnOwnedProductsResponseType.xsd" location="local" hash="Ih2ynP4bX+lhVXkc+rtimceotgc="/><file name="local:///ClientRelationshipMgmt.Product/ProductRelationList_Type.xsd" src="local/ClientRelationshipMgmt.Product/ProductRelationList_Type.xsd" location="local" hash="krlBzl2ckHKIAFA6rOyHASdHOHM="/><file name="local:///ClientRelationshipMgmt.Product/ClientRelationshipMgmt_Product_MM_ClientRelationshipMgmt_Product_EXP_1.wsdl" src="local/ClientRelationshipMgmt.Product/ClientRelationshipMgmt_Product_MM_ClientRelationshipMgmt_Product_EXP_1.wsdl" location="local" hash="yrqxKVB9K/aggtDgFNA8S8aGWko="/><file name="local:///ClientRelationshipMgmt.Product/addClientRelationToProducts_Type_Req.xsd" src="local/ClientRelationshipMgmt.Product/addClientRelationToProducts_Type_Req.xsd" location="local" hash="0egnmVDXjJv/1RlZQpaiLwGhAJU="/><file name="local:///ClientRelationshipMgmt.Product/addClientRelationToProducts_Type_Resp.xsd" src="local/ClientRelationshipMgmt.Product/addClientRelationToProducts_Type_Resp.xsd" location="local" hash="XfEEFJ9lKUgVWhIi7gnitsOhZVs="/><file name="local:///ClientRelationshipMgmt.Product/ClientRelationshipMgmt_Product_MM_ClientRelationshipMgmt_Product_EXP.wsdl" src="local/ClientRelationshipMgmt.Product/ClientRelationshipMgmt_Product_MM_ClientRelationshipMgmt_Product_EXP.wsdl" location="local" hash="yrqxKVB9K/aggtDgFNA8S8aGWko="/><file name="local:///ClientRelationshipMgmt.Product/getClientRelationToProducts_Type_Req.xsd" src="local/ClientRelationshipMgmt.Product/getClientRelationToProducts_Type_Req.xsd" location="local" hash="TAa/XShi9pgHHQT4nUqBdXSAIoQ="/><file name="local:///ClientRelationshipMgmt.Product/getClientRelationToProducts_Type_Resp.xsd" src="local/ClientRelationshipMgmt.Product/getClientRelationToProducts_Type_Resp.xsd" location="local" hash="72HDT337ISmdFVsHGT+qgOiuCH4="/><file name="local:///ClientRelationshipMgmt.Product/setClientRelationToProducts_Type_Req.xsd" src="local/ClientRelationshipMgmt.Product/setClientRelationToProducts_Type_Req.xsd" location="local" hash="Vg/oYR9co8PFTc30Ggky2dLed/M="/><file name="local:///ClientRelationshipMgmt.Product/setClientRelationToProducts_Type_Resp.xsd" src="local/ClientRelationshipMgmt.Product/setClientRelationToProducts_Type_Resp.xsd" location="local" hash="RpJPNP7B1vnBWdxJ8//4xljY5ro="/><file name="local:///PartyDataMgmt.Address/addPartyAddressRequestType.xsd" src="local/PartyDataMgmt.Address/addPartyAddressRequestType.xsd" location="local" hash="2MALx3soUlA4N8oLvg4YajBLZbk="/><file name="local:///PartyDataMgmt.Address/addPartyAddressResponseType.xsd" src="local/PartyDataMgmt.Address/addPartyAddressResponseType.xsd" location="local" hash="YyraE30q3bMc29fFalXJ5E9jplc="/><file name="local:///PartyDataMgmt.Address/BLCDomainLibraryFSC.xsd" src="local/PartyDataMgmt.Address/BLCDomainLibraryFSC.xsd" location="local" hash="fHGvHWZLQacJ9zMnJ1K/uVSiTqw="/><file name="local:///PartyDataMgmt.Address/ClientCommon_Type.xsd" src="local/PartyDataMgmt.Address/ClientCommon_Type.xsd" location="local" hash="00pXt55t/ABU4g4qSj+i90Am4nk="/><file name="local:///PartyDataMgmt.Address/EntCommon.xsd" src="local/PartyDataMgmt.Address/EntCommon.xsd" location="local" hash="wRqnHiqsp/BVSJLDwWBLr5grHNg="/><file name="local:///PartyDataMgmt.Address/getPartyAddressListForNARequestType.xsd" src="local/PartyDataMgmt.Address/getPartyAddressListForNARequestType.xsd" location="local" hash="vZ2rYJh60pB7fgp5h2aUgepls0E="/><file name="local:///PartyDataMgmt.Address/getPartyAddressListForNAResponseType.xsd" src="local/PartyDataMgmt.Address/getPartyAddressListForNAResponseType.xsd" location="local" hash="FvCOT+sTpyAZkdrpflcUBsMelWs="/><file name="local:///PartyDataMgmt.Address/getPartyAddressListRequestType.xsd" src="local/PartyDataMgmt.Address/getPartyAddressListRequestType.xsd" location="local" hash="IRl7Pv711U75sKBD7vOfkF/FpIk="/><file name="local:///PartyDataMgmt.Address/getPartyAddressListResponseType.xsd" src="local/PartyDataMgmt.Address/getPartyAddressListResponseType.xsd" location="local" hash="D2WbQWRxmhkXqwemiolK5DH+6F0="/><file name="local:///PartyDataMgmt.Address/ListofAddress.xsd" src="local/PartyDataMgmt.Address/ListofAddress.xsd" location="local" hash="yn7GgpP56F3Zja7VsVRn5D4kehA="/><file name="local:///PartyDataMgmt.Address/ListOfAddressgetAddresslist.xsd" src="local/PartyDataMgmt.Address/ListOfAddressgetAddresslist.xsd" location="local" hash="w3ZBRpcXCHgf56USeyicKyki4eU="/><file name="local:///PartyDataMgmt.Address/PartyDataMgmt_Address_INF.wsdl" src="local/PartyDataMgmt.Address/PartyDataMgmt_Address_INF.wsdl" location="local" hash="GlqD/x2KWr6Vi/JrN8OnzQfoVZY="/><file name="local:///PartyDataMgmt.Address/PartyDataMgmt_Address_MM_PartyDataMgmt_Address_EXP_1.wsdl" src="local/PartyDataMgmt.Address/PartyDataMgmt_Address_MM_PartyDataMgmt_Address_EXP_1.wsdl" location="local" hash="H/1VdOUmbaNKrkjAIT1cx3ppBwo="/><file name="local:///PartyDataMgmt.Address/setAddressRequestType.xsd" src="local/PartyDataMgmt.Address/setAddressRequestType.xsd" location="local" hash="527LgYDSJmNGCAgnp/DeSrKf0s0="/><file name="local:///PartyDataMgmt.Address/setAddressResponseType.xsd" src="local/PartyDataMgmt.Address/setAddressResponseType.xsd" location="local" hash="umZ3FNWCmvjZAspdCEkEmUk9YvE="/><file name="local:///PartyDataMgmt.Address/SrvFileInfo.xsd" src="local/PartyDataMgmt.Address/SrvFileInfo.xsd" location="local" hash="w9aK9+mmsmkghxxtlizFQ+6P3Rg="/><file name="local:///PartyDataMgmt.Notation/BLCDomainLibraryFSC.xsd" src="local/PartyDataMgmt.Notation/BLCDomainLibraryFSC.xsd" location="local" hash="racxfVw+u/XG/7klTgzmlQKm83g="/><file name="local:///PartyDataMgmt.Notation/EntCommon.xsd" src="local/PartyDataMgmt.Notation/EntCommon.xsd" location="local" hash="wRqnHiqsp/BVSJLDwWBLr5grHNg="/><file name="local:///PartyDataMgmt.Notation/getClientInternalNotationProfileRequestType.xsd" src="local/PartyDataMgmt.Notation/getClientInternalNotationProfileRequestType.xsd" location="local" hash="39hFLZN7HsWeQfAHYkQ+D80XSU4="/><file name="local:///PartyDataMgmt.Notation/getClientInternalNotationProfileResponseType.xsd" src="local/PartyDataMgmt.Notation/getClientInternalNotationProfileResponseType.xsd" location="local" hash="VgCAcD/vkqov+3KmzDxbCKlC/OU="/><file name="local:///PartyDataMgmt.Notation/PartyDataMgmt_Notation_INF.wsdl" src="local/PartyDataMgmt.Notation/PartyDataMgmt_Notation_INF.wsdl" location="local" hash="EOFJaqp/8lE/0GWFoDIdGWw1Maw="/><file name="local:///PartyDataMgmt.Notation/PartyDataMgmt_Notation_MM_PartyDataMgmt_Notation_EXP_1.wsdl" src="local/PartyDataMgmt.Notation/PartyDataMgmt_Notation_MM_PartyDataMgmt_Notation_EXP_1.wsdl" location="local" hash="rl5SD+tjo1VS5pkLGGlycf1VWkg="/><file name="local:///PartyDataMgmt.Party/addPartyRequest.xsd" src="local/PartyDataMgmt.Party/addPartyRequest.xsd" location="local" hash="dBMAr2L7yRH7Y3hc5YIGO02nQd8="/><file name="local:///PartyDataMgmt.Party/addPartyResponse.xsd" src="local/PartyDataMgmt.Party/addPartyResponse.xsd" location="local" hash="ZlKUNY3jlx+d98MacqeJTw4Lr7E="/><file name="local:///PartyDataMgmt.Party/BLCDomainLibraryFSC.xsd" src="local/PartyDataMgmt.Party/BLCDomainLibraryFSC.xsd" location="local" hash="Jx0q5cVjpmmaHJ4qnOcTngzanEc="/><file name="local:///PartyDataMgmt.Party/EntCommon.xsd" src="local/PartyDataMgmt.Party/EntCommon.xsd" location="local" hash="FJELSz/EPzb4fW8gi+oCzMysOTg="/><file name="local:///PartyDataMgmt.Party/getPartyRequest.xsd" src="local/PartyDataMgmt.Party/getPartyRequest.xsd" location="local" hash="JnffV8i2P/krReI4xvCd+YY4UOE="/><file name="local:///PartyDataMgmt.Party/PartyDataMgmt_Party_INF.wsdl" src="local/PartyDataMgmt.Party/PartyDataMgmt_Party_INF.wsdl" location="local" hash="ez6meiiv3PUS4vHM3KYRPDQSm4k="/><file name="local:///PartyDataMgmt.Party/PartyDataMgmt_Party_MM_PartyDataMgmtParty_EXP_1.wsdl" src="local/PartyDataMgmt.Party/PartyDataMgmt_Party_MM_PartyDataMgmtParty_EXP_1.wsdl" location="local" hash="+mk6mkvZ4nheatF44ygBfGBgDWA="/><file name="local:///PartyDataMgmt.Party/searchPartyRequest.xsd" src="local/PartyDataMgmt.Party/searchPartyRequest.xsd" location="local" hash="qGj9EcJmY4Aw9KS7QbBRXBheszI="/><file name="local:///PartyDataMgmt.Party/searchPartyResponse.xsd" src="local/PartyDataMgmt.Party/searchPartyResponse.xsd" location="local" hash="EH74HvjlQfOuk2PZIYpzZuXMq+c="/><file name="local:///PartyDataMgmt.Party/addParty_CBResp.xsd" src="local/PartyDataMgmt.Party/addParty_CBResp.xsd" location="local" hash="YhXjnEqtyIGxbDBZsRQ3y9HG9wA="/><file name="local:///PartyDataMgmt.Party/getParty_XSDResp.xsd" src="local/PartyDataMgmt.Party/getParty_XSDResp.xsd" location="local" hash="k+WQa1316uQIOhulepC7nPE2Gko="/><file name="local:///PartyDataMgmt.Party/setParty_TypeReq.xsd" src="local/PartyDataMgmt.Party/setParty_TypeReq.xsd" location="local" hash="xpVRlQKRoGXnZ3UVxJ5DDnUPN0E="/><file name="local:///PartyDataMgmt.Party/setParty_TypeResp.xsd" src="local/PartyDataMgmt.Party/setParty_TypeResp.xsd" location="local" hash="Shmc1AfYy7hq2FYaZ2KR78Q1Irc="/><file name="local:///PartyDataMgmt.Party/PartyDataMgmt_Party_MM_PartyDataMgmtParty_EXP.wsdl" src="local/PartyDataMgmt.Party/PartyDataMgmt_Party_MM_PartyDataMgmtParty_EXP.wsdl" location="local" hash="+mk6mkvZ4nheatF44ygBfGBgDWA="/><file name="local:///B2B.ClientRelationshipMgmt.NA/ClientRelationshipMgmtNA.wsdl" src="local/B2B.ClientRelationshipMgmt.NA/ClientRelationshipMgmtNA.wsdl" location="local" hash="VgbJyYLzjO65dAiuZZL9npY67os="/><file name="local:///B2B.ClientRelationshipMgmt.NA/ClientRelationshipMgmtNAIF_EXP_V1.wsdl" src="local/B2B.ClientRelationshipMgmt.NA/ClientRelationshipMgmtNAIF_EXP_V1.wsdl" location="local" hash="44tIWusLGj2BFKRJtvsUMW6y7q4="/><file name="local:///B2B.ClientRelationshipMgmt.NA/ErrorHandler.wsdl" src="local/B2B.ClientRelationshipMgmt.NA/ErrorHandler.wsdl" location="local" hash="LCoru0xsVmW9mJj7p/vuJ5kISRg="/><file name="local:///CreditDecision.Callback/CreditDecisionCallBack.wsdl" src="local/CreditDecision.Callback/CreditDecisionCallBack.wsdl" location="local" hash="SbAmtvFA0Ifswguvzyh37JVyeSA="/><file name="local:///CreditDecision.Callback/CreditDecisionCallBack.xsd" src="local/CreditDecision.Callback/CreditDecisionCallBack.xsd" location="local" hash="W4P23L8e6zW7bzYizVVDMofv1gc="/><file name="local:///CreditDecision.Callback/EntCommon.xsd" src="local/CreditDecision.Callback/EntCommon.xsd" location="local" hash="J11bIq0QHKLL1W3ZCndhzQtiRdA="/><file name="local:///CustomerCreditRating.GDC/CustomerCreditRating-GDC.wsdl" src="local/CustomerCreditRating.GDC/CustomerCreditRating-GDC.wsdl" location="local" hash="iMgKPUAnz3E4TyMSkd4ucqDRQF0="/><file name="local:///CustomerCreditRating.GDC/CustomerCreditRating-GDC.XSD" src="local/CustomerCreditRating.GDC/CustomerCreditRating-GDC.XSD" location="local" hash="XnOdoHS5dh7JtupzxnFSGAesm0c="/><file name="local:///CustomerCreditRating.GDC/EntCommon.xsd" src="local/CustomerCreditRating.GDC/EntCommon.xsd" location="local" hash="t4PS0aih3GCaYy8/82yYxMpzunM="/><file name="local:///CustomerCreditRating.GDC/EntCommonResp.xsd" src="local/CustomerCreditRating.GDC/EntCommonResp.xsd" location="local" hash="7XW8prvgGAJQFwvFq4p1aBLqC+U="/><file name="local:///CustomerCreditRating.GDC/GDCLib.XSD" src="local/CustomerCreditRating.GDC/GDCLib.XSD" location="local" hash="/bn25VLst/8SKksnin559mLmrEw="/><file name="local:///PartyDataMgmt.Alias/addPartyAliasRequestType.xsd" src="local/PartyDataMgmt.Alias/addPartyAliasRequestType.xsd" location="local" hash="1MQ8sQnv/yPkq+M5wupUwWVaqs8="/><file name="local:///PartyDataMgmt.Alias/addPartyAliasResponseType.xsd" src="local/PartyDataMgmt.Alias/addPartyAliasResponseType.xsd" location="local" hash="wfoDa63P72hJTLG0kL56o/jWSu8="/><file name="local:///PartyDataMgmt.Alias/BLCDomainLibraryFSC.xsd" src="local/PartyDataMgmt.Alias/BLCDomainLibraryFSC.xsd" location="local" hash="sHBGm9GyJOUytH+c148STGaZmZ4="/><file name="local:///PartyDataMgmt.Alias/EntCommon.xsd" src="local/PartyDataMgmt.Alias/EntCommon.xsd" location="local" hash="FJELSz/EPzb4fW8gi+oCzMysOTg="/><file name="local:///PartyDataMgmt.Alias/getPartyAliasListRequestType.xsd" src="local/PartyDataMgmt.Alias/getPartyAliasListRequestType.xsd" location="local" hash="vDLSdznB/DzUNgxxBSPTwGBfIZM="/><file name="local:///PartyDataMgmt.Alias/getPartyAliasListResponseType.xsd" src="local/PartyDataMgmt.Alias/getPartyAliasListResponseType.xsd" location="local" hash="SvvYuEOL7LXcp+hZlfU/r4urbyg="/><file name="local:///PartyDataMgmt.Alias/PartyDataMgmt_Alias_INF.wsdl" src="local/PartyDataMgmt.Alias/PartyDataMgmt_Alias_INF.wsdl" location="local" hash="81OsgUcf7g66qyv3kHOnz6a9xI8="/><file name="local:///PartyDataMgmt.Alias/PartyDataMgmt_Alias_MM_PartyDataMgmt_Alias_EXP_1.wsdl" src="local/PartyDataMgmt.Alias/PartyDataMgmt_Alias_MM_PartyDataMgmt_Alias_EXP_1.wsdl" location="local" hash="5TxITG2kyEpxaC8Ovg5RCsr5jI4="/><file name="local:///PartyDataMgmt.Alias/setPartyAliasRequestType.xsd" src="local/PartyDataMgmt.Alias/setPartyAliasRequestType.xsd" location="local" hash="oFk6wJjtBJhzNfpVPfmeMZO2jPM="/><file name="local:///PartyDataMgmt.Alias/setPartyAliasResponseType.xsd" src="local/PartyDataMgmt.Alias/setPartyAliasResponseType.xsd" location="local" hash="vzizBbGetAA9jMwHEjokHdVeEnc="/><file name="local:///PartyDataMgmt.Employer/addPartyEmployer_XSDReq.xsd" src="local/PartyDataMgmt.Employer/addPartyEmployer_XSDReq.xsd" location="local" hash="+lngWumdace3cE6ryfpmglo9MTo="/><file name="local:///PartyDataMgmt.Employer/addPartyEmployer_XSDRes.xsd" src="local/PartyDataMgmt.Employer/addPartyEmployer_XSDRes.xsd" location="local" hash="oJeVU6nJwEeaHef1t4n6IRJe58A="/><file name="local:///PartyDataMgmt.Employer/BLCDomainLibraryFSC.xsd" src="local/PartyDataMgmt.Employer/BLCDomainLibraryFSC.xsd" location="local" hash="157lTN6fWXYxmdnhjo7HgZmMauI="/><file name="local:///PartyDataMgmt.Employer/EntCommon.xsd" src="local/PartyDataMgmt.Employer/EntCommon.xsd" location="local" hash="FJELSz/EPzb4fW8gi+oCzMysOTg="/><file name="local:///PartyDataMgmt.Employer/getPartyEmployerList_Type_Req.xsd" src="local/PartyDataMgmt.Employer/getPartyEmployerList_Type_Req.xsd" location="local" hash="U99MnS6ZxFQDNx/Pg9hb0cdgE2E="/><file name="local:///PartyDataMgmt.Employer/getPartyEmployerList_Type_Resp.xsd" src="local/PartyDataMgmt.Employer/getPartyEmployerList_Type_Resp.xsd" location="local" hash="PqQf2NP2YaHNleC1UUM9Ak334XE="/><file name="local:///PartyDataMgmt.Employer/PartyDataMgmt_Employer_INF.wsdl" src="local/PartyDataMgmt.Employer/PartyDataMgmt_Employer_INF.wsdl" location="local" hash="YJwOz27sjT9LbI1dgy3nE0N7/zo="/><file name="local:///PartyDataMgmt.Employer/PartyDataMgmt_Employer_MM_PartyDataMgmt_Employer_EXP.wsdl" src="local/PartyDataMgmt.Employer/PartyDataMgmt_Employer_MM_PartyDataMgmt_Employer_EXP.wsdl" location="local" hash="049457kRLsX73bXFKR9m1y9RBxg="/><file name="local:///PartyDataMgmt.Employer/setPartyEmployer_Type_Req.xsd" src="local/PartyDataMgmt.Employer/setPartyEmployer_Type_Req.xsd" location="local" hash="TvOdoG8ykbmdhGYw+E+t8XofaEA="/><file name="local:///PartyDataMgmt.Employer/setPartyEmployer_Type_Resp.xsd" src="local/PartyDataMgmt.Employer/setPartyEmployer_Type_Resp.xsd" location="local" hash="mIl0GeAxynPYk3fACRT/FIFMTCc="/><file name="config:///BPM-PREPROD.cfg" src="config/BPM-PREPROD.cfg" location="config" hash="hZNx9QIhnlGocX4wp8GNu6q3mzg="/><file name="webgui:///clixform.xsl" src="dp-aux/clixform.xsl" location="dp-aux" internal="true" hash="0Dhwfsp3ni4SFOMwK2FOgfUyCVM="/><file name="webgui:///SchemaUtil.xsl" src="dp-aux/SchemaUtil.xsl" location="dp-aux" internal="true" hash="oFgCGu3bq7UlztcmEKFBeYQt2gY="/><file name="webgui:///management.xsl" src="dp-aux/management.xsl" location="dp-aux" internal="true" hash="+Ew49hOqS776HMWjBuzmaGBUaac="/><file name="webgui:///map-dmz.xsl" src="dp-aux/map-dmz.xsl" location="dp-aux" internal="true" hash="IEZVhvGN+AlSI1ERT6daILfIUb0="/><file name="webgui:///drMgmt.xml" src="dp-aux/drMgmt.xml" location="dp-aux" internal="true" hash="cufF5oKf36xlvG/aXotD9hqBFGE="/><file name="webgui:///basetypes.xml" src="dp-aux/basetypes.xml" location="dp-aux" internal="true" hash="va3o1RHfV1IkJRgzaRvf9jCxSgo="/></files></datapower-configuration>