<?xml version="1.0" encoding="UTF-8"?>
<ldap-props>      
  <ldap-server>
    <host></host>
    <port></port>
    <lb-group>SITEMINDER-LDAP</lb-group>    
    <ssl-proxy-profile>siteminder-ldap-dir-ssl-proxy-profile</ssl-proxy-profile>
    <bind-dn>uid=DataPowerServiceAccount,ou=Users,ou=Services,o=blc,c=ca</bind-dn>
    <bind-pass>creYac4ReDRaKegEkAf8</bind-pass>
    <base-dn>ou=Users,ou=Exploitation,o=blc,c=ca</base-dn>
    <search-attr>blcFSCBPMUserId</search-attr>
    <alias-attr>blcADUserId</alias-attr>
    <group-base-dn>cn=DPAllowed,ou=Groups,ou=Exploitation,o=blc,c=ca</group-base-dn>
    <group-object-class>groupOfUniqueNames</group-object-class>
    <group-member-attr>member</group-member-attr>
    <group-name-attr>cn</group-name-attr>
    <target-group-name>Datapower</target-group-name>
  </ldap-server>
</ldap-props>